sep=;
Export Date/Time;Wed Nov 26 2025 10:22:47 GMT+0000 (Coordinated Universal Time),User Email;heath@quantumbase.com,Saved Library Name;MASTER
Exported From; Saved Library
Index;Original Library Name;Saved Collection Name;Original Color Name;User Color Name;Scan Type;DE00 to Scan;Match Degree;Scan Reference Index;Nix Device;Note;Date Saved;Illuminant;Observer;Measurement Mode;L;a;b;L;c;h;X;Y;Z;sRGB R;sRGB G;sRGB B;HEX;Density Status;Density C;Density M;Density Y;Density K;R400 nm;R410 nm;R420 nm;R430 nm;R440 nm;R450 nm;R460 nm;R470 nm;R480 nm;R490 nm;R500 nm;R510 nm;R520 nm;R530 nm;R540 nm;R550 nm;R560 nm;R570 nm;R580 nm;R590 nm;R600 nm;R610 nm;R620 nm;R630 nm;R640 nm;R650 nm;R660 nm;R670 nm;R680 nm;R690 nm;R700 nm
1;"-";"MASTER";"-";"T22H";Scan;"-";"-";"-";Nix Spectro 2;"-";Mon Oct 27 2025 12:43:48 GMT+0000 (Coordinated Universal Time);D65;10;M2;9.75997226e+1;-2.59928344e+1;7.10971512e+1;9.75997226e+1;7.56996192e+1;1.10082210e+2;7.56050521e-1;9.39199484e-1;2.60494396e-1;241;255;101;#f1ff65;undefined;-;-;-;-;1.59532666e-1;1.96679870e-1;1.97899535e-1;1.83732082e-1;1.69542601e-1;1.63675576e-1;1.78481380e-1;2.22720931e-1;3.50061963e-1;6.10361755e-1;9.34530516e-1;1.12751238e+0;1.17262820e+0;1.14695072e+0;1.09524814e+0;1.04537880e+0;1.00567218e+0;9.78497465e-1;9.57103153e-1;9.33534821e-1;9.06356136e-1;8.77604663e-1;8.54672571e-1;8.36375852e-1;8.25564126e-1;8.19452961e-1;8.14345300e-1;8.14822555e-1;8.19622437e-1;8.23394537e-1;8.27157636e-1
2;"-";"MASTER";"-";"T23H";Scan;"-";"-";"-";Nix Spectro 2;"-";Mon Oct 27 2025 12:44:52 GMT+0000 (Coordinated Universal Time);D65;10;M2;9.67311364e+1;-2.78761164e+1;7.01463693e+1;9.67311364e+1;7.54823886e+1;1.11672837e+2;7.28856003e-1;9.17820359e-1;2.57084531e-1;234;255;100;#eaff64;undefined;-;-;-;-;1.57440638e-1;1.93703155e-1;1.94351946e-1;1.80310438e-1;1.66469231e-1;1.61225607e-1;1.76472530e-1;2.20444481e-1;3.46088409e-1;6.03890558e-1;9.26122328e-1;1.11815790e+0;1.16226244e+0;1.13557458e+0;1.08141502e+0;1.02888580e+0;9.85695779e-1;9.54568227e-1;9.28835074e-1;9.00113444e-1;8.66144816e-1;8.31081410e-1;8.03780973e-1;7.83510009e-1;7.70869950e-1;7.62868504e-1;7.57569094e-1;7.58975724e-1;7.65680432e-1;7.71456818e-1;7.77795692e-1
3;"-";"MASTER";"-";"T25H";Scan;"-";"-";"-";Nix Spectro 2;"-";Mon Oct 27 2025 12:45:47 GMT+0000 (Coordinated Universal Time);D65;10;M2;9.80362914e+1;-2.11254800e+1;7.06487616e+1;9.80362914e+1;7.37396326e+1;1.06647782e+2;7.89548962e-1;9.50069306e-1;2.68090312e-1;251;255;104;#fbff68;undefined;-;-;-;-;1.69189552e-1;2.04845101e-1;2.06351851e-1;1.92596833e-1;1.78238139e-1;1.72367106e-1;1.87252114e-1;2.31262376e-1;3.56129557e-1;6.09019478e-1;9.20437475e-1;1.10356299e+0;1.14662691e+0;1.12404378e+0;1.07896570e+0;1.03798719e+0;1.00807734e+0;9.89966373e-1;9.78239814e-1;9.67844705e-1;9.59378123e-1;9.50326602e-1;9.42859789e-1;9.32359795e-1;9.28213596e-1;9.28790251e-1;9.26511029e-1;9.24287816e-1;9.22149519e-1;9.20105596e-1;9.17056660e-1
4;"-";"MASTER";"-";"T27H";Scan;"-";"-";"-";Nix Spectro 2;"-";Mon Oct 27 2025 12:46:58 GMT+0000 (Coordinated Universal Time);D65;10;M2;1.00326916e+2;-2.25225753e+1;5.13619750e+1;1.00326916e+2;5.60831425e+1;1.13677778e+2;8.33003106e-1;1.00847857e+0;4.45499279e-1;247;255;153;#f7ff99;undefined;-;-;-;-;3.74582618e-1;4.39659625e-1;4.41634188e-1;3.96912624e-1;3.55253667e-1;3.38075727e-1;3.35718622e-1;3.56076330e-1;4.74681775e-1;7.41914888e-1;1.06360606e+0;1.23804462e+0;1.25737675e+0;1.20929356e+0;1.14150246e+0;1.08228513e+0;1.03828025e+0;1.01116463e+0;9.93697584e-1;9.77078418e-1;9.63306506e-1;9.49896435e-1;9.39028263e-1;9.26908672e-1;9.21490669e-1;9.21342512e-1;9.17192141e-1;9.13953960e-1;9.12199418e-1;9.09957687e-1;9.06292260e-1
5;"-";"MASTER";"-";"T22";Scan;"-";"-";"-";Nix Spectro 2;"-";Mon Oct 27 2025 16:26:11 GMT+0000 (Coordinated Universal Time);D65;10;M2;9.82701685e+1;-2.45389696e+1;6.36693178e+1;9.82701685e+1;6.82344712e+1;1.11077301e+2;7.77498936e-1;9.55926795e-1;3.18044240e-1;242;255;120;#f2ff78;undefined;-;-;-;-;1.93209122e-1;2.40524317e-1;2.47743328e-1;2.33826324e-1;2.19633783e-1;2.15766733e-1;2.34020472e-1;2.84187943e-1;4.20157681e-1;6.79243704e-1;9.78475074e-1;1.14235795e+0;1.17151670e+0;1.14241079e+0;1.09491046e+0;1.04951823e+0;1.01357718e+0;9.89284833e-1;9.70264316e-1;9.48795776e-1;9.24475690e-1;8.99192254e-1;8.79277746e-1;8.62333596e-1;8.52792521e-1;8.47876271e-1;8.43257089e-1;8.43455593e-1;8.47380956e-1;8.50334505e-1;8.53241305e-1
6;"-";"MASTER";"-";"T23";Scan;"-";"-";"-";Nix Spectro 2;"-";Mon Oct 27 2025 16:26:42 GMT+0000 (Coordinated Universal Time);D65;10;M2;9.77313309e+1;-2.70206467e+1;6.58977519e+1;9.77313309e+1;7.12223916e+1;1.12295541e+2;7.53799899e-1;9.42467530e-1;2.95982687e-1;237;255;114;#edff72;undefined;-;-;-;-;1.83095823e-1;2.26141011e-1;2.29738985e-1;2.14563732e-1;1.99624578e-1;1.94608256e-1;2.11528977e-1;2.59771446e-1;3.94136171e-1;6.57387952e-1;9.69391584e-1;1.14461092e+0;1.17786535e+0;1.14802281e+0;1.09651025e+0;1.04693373e+0;1.00645653e+0;9.77326612e-1;9.53299562e-1;9.25649464e-1;8.92680864e-1;8.58259002e-1;8.31254303e-1;8.10993095e-1;7.98649510e-1;7.91568001e-1;7.87002444e-1;7.89093574e-1;7.96108186e-1;8.01855445e-1;8.08291078e-1
7;"-";"MASTER";"-";"T25";Scan;"-";"-";"-";Nix Spectro 2;"-";Mon Oct 27 2025 16:28:36 GMT+0000 (Coordinated Universal Time);D65;10;M2;9.88849781e+1;-2.06596098e+1;6.36971246e+1;9.88849781e+1;6.69637451e+1;1.07970021e+2;8.10497045e-1;9.71439524e-1;3.25487222e-1;252;255;122;#fcff7a;undefined;-;-;-;-;2.03666324e-1;2.50879933e-1;2.56708721e-1;2.42181579e-1;2.28176802e-1;2.24203100e-1;2.41610373e-1;2.90895174e-1;4.24425572e-1;6.78728004e-1;9.71920967e-1;1.13169607e+0;1.16029298e+0;1.13280137e+0;1.08946331e+0;1.05047011e+0;1.02190701e+0;1.00488444e+0;9.94131386e-1;9.83610034e-1;9.75091159e-1;9.66142297e-1;9.58569169e-1;9.47906176e-1;9.43795423e-1;9.44575508e-1;9.41751778e-1;9.39471324e-1;9.37682311e-1;9.35270687e-1;9.31529880e-1
8;"-";"MASTER";"-";"T27";Scan;"-";"-";"-";Nix Spectro 2;"-";Mon Oct 27 2025 16:32:02 GMT+0000 (Coordinated Universal Time);D65;10;M2;1.01095248e+2;-2.14296250e+1;4.50693457e+1;1.01095248e+2;4.99046566e+1;1.15430208e+2;8.56200677e-1;1.02859366e+0;5.17275691e-1;248;255;168;#f8ffa8;undefined;-;-;-;-;4.13000186e-1;4.91651972e-1;5.04970372e-1;4.61868525e-1;4.22158509e-1;4.07140007e-1;4.04745499e-1;4.26385860e-1;5.51610967e-1;8.19997986e-1;1.11835365e+0;1.26173512e+0;1.26243174e+0;1.20949928e+0;1.14557183e+0;1.09005459e+0;1.04951390e+0;1.02461656e+0;1.00829264e+0;9.92684186e-1;9.79930719e-1;9.67445175e-1;9.57317789e-1;9.45315202e-1;9.40150718e-1;9.40798879e-1;9.37291642e-1;9.33942338e-1;9.32104091e-1;9.30101891e-1;9.26426788e-1
9;"-";"MASTER";"-";"PBLUE_1";Scan;"-";"-";"-";Nix Spectro 2;"-";Thu Nov 20 2025 16:25:43 GMT+0000 (Coordinated Universal Time);D65;10;M2;9.83338528e+1;-2.79140823e+0;2.52345706e+0;9.83338528e+1;3.76295036e+0;1.37886147e+2;8.92500644e-1;9.57525938e-1;9.88508431e-1;247;252;245;#f7fcf5;T;0.03;0.01;0.03;0.02;5.52979052e-1;7.38748372e-1;8.83085072e-1;9.10375655e-1;9.18566585e-1;9.29025888e-1;9.35873032e-1;9.41824853e-1;9.52298582e-1;9.60945427e-1;9.66862857e-1;9.69669223e-1;9.71149027e-1;9.68901932e-1;9.69889700e-1;9.66777027e-1;9.63491917e-1;9.62297320e-1;9.60939348e-1;9.57726359e-1;9.50148225e-1;9.38325763e-1;9.26844239e-1;9.14114892e-1;9.07735527e-1;9.05946553e-1;9.03036475e-1;9.02614117e-1;9.03806686e-1;9.04795587e-1;9.04805422e-1
10;"-";"MASTER";"-";"PBLUE_2";Scan;"-";"-";"-";Nix Spectro 2;"-";Thu Nov 20 2025 16:26:27 GMT+0000 (Coordinated Universal Time);D65;10;M2;9.79889001e+1;-8.47066835e-1;2.29352800e+0;9.79889001e+1;2.44495254e+0;1.10270660e+2;8.95002625e-1;9.48885307e-1;9.82959483e-1;249;250;245;#f9faf5;T;0.02;0.02;0.04;0.02;5.60514152e-1;7.49130487e-1;8.90804470e-1;9.12830710e-1;9.17788923e-1;9.25819933e-1;9.28413630e-1;9.29142177e-1;9.34750140e-1;9.40390646e-1;9.44381595e-1;9.46468294e-1;9.49464440e-1;9.49317098e-1;9.52049851e-1;9.51996088e-1;9.51672375e-1;9.53217268e-1;9.54999149e-1;9.56613243e-1;9.56617832e-1;9.54382777e-1;9.50803757e-1;9.42404091e-1;9.39261317e-1;9.40918088e-1;9.39204991e-1;9.37116027e-1;9.35019612e-1;9.33195293e-1;9.28964257e-1
11;"-";"MASTER";"-";"PBLUE_3";Scan;"-";"-";"-";Nix Spectro 2;"-";Thu Nov 20 2025 16:26:55 GMT+0000 (Coordinated Universal Time);D65;10;M2;9.76901607e+1;-8.42475920e-1;2.66714470e+0;9.76901607e+1;2.79703889e+0;1.07529860e+2;8.87997157e-1;9.41444393e-1;9.69529376e-1;249;249;243;#f9f9f3;T;0.02;0.03;0.04;0.02;5.45326054e-1;7.31394351e-1;8.71980846e-1;8.96961153e-1;9.05125558e-1;9.14774716e-1;9.17307019e-1;9.17989910e-1;9.23876941e-1;9.30331647e-1;9.35096264e-1;9.37766671e-1;9.41088200e-1;9.41296220e-1;9.45147753e-1;9.45333362e-1;9.44644749e-1;9.45798635e-1;9.47791100e-1;9.50496793e-1;9.51286256e-1;9.49143946e-1;9.45761919e-1;9.37636673e-1;9.34922099e-1;9.36670482e-1;9.34967458e-1;9.32643235e-1;9.30304825e-1;9.28941548e-1;9.25464928e-1
12;"-";"MASTER";"-";"PBLUE_5";Scan;"-";"-";"-";Nix Spectro 2;"-";Thu Nov 20 2025 16:27:29 GMT+0000 (Coordinated Universal Time);D65;10;M2;9.77212707e+1;-5.77945832e-1;2.76937031e+0;9.77212707e+1;2.82903398e+0;1.01787991e+2;8.90169675e-1;9.42217450e-1;9.68798649e-1;250;249;243;#faf9f3;T;0.02;0.03;0.04;0.02;5.47146380e-1;7.34482467e-1;8.74197602e-1;8.98087263e-1;9.05122578e-1;9.13577735e-1;9.15338457e-1;9.15898800e-1;9.21751916e-1;9.28188086e-1;9.34023917e-1;9.37245369e-1;9.40215766e-1;9.40175235e-1;9.43900526e-1;9.44816351e-1;9.45207715e-1;9.47630107e-1;9.50323701e-1;9.52865183e-1;9.54042375e-1;9.52989459e-1;9.51365530e-1;9.44047630e-1;9.42226827e-1;9.44971085e-1;9.43757534e-1;9.41550493e-1;9.38970268e-1;9.37282860e-1;9.33940172e-1
13;"-";"MASTER";"-";"PBLUE_8";Scan;"-";"-";"-";Nix Spectro 2;"-";Thu Nov 20 2025 16:27:57 GMT+0000 (Coordinated Universal Time);D65;10;M2;9.59100775e+1;-5.54281004e-2;4.11112063e+0;9.59100775e+1;4.11149427e+0;9.07724424e+1;8.51025609e-1;8.97911681e-1;9.03210950e-1;247;243;235;#f7f3eb;T;0.04;0.05;0.07;0.04;5.16175687e-1;6.89231634e-1;8.14730644e-1;8.35179210e-1;8.40887904e-1;8.50701809e-1;8.53864551e-1;8.54581594e-1;8.60759079e-1;8.69310975e-1;8.77505183e-1;8.83211792e-1;8.89186859e-1;8.92467260e-1;8.98857296e-1;9.01555300e-1;9.03661847e-1;9.07502115e-1;9.11266923e-1;9.16441739e-1;9.19546008e-1;9.20472145e-1;9.20236886e-1;9.14484560e-1;9.13434267e-1;9.17072952e-1;9.17141616e-1;9.15857673e-1;9.13633466e-1;9.12297904e-1;9.09701109e-1
14;"-";"MASTER";"-";"PG_0.5";Scan;"-";"-";"-";Nix Spectro 2;"-";Thu Nov 20 2025 16:28:29 GMT+0000 (Coordinated Universal Time);D65;10;M2;9.84328073e+1;-3.48831595e+0;2.65948234e+0;9.84328073e+1;4.38647860e+0;1.42678204e+2;8.91024108e-1;9.60014272e-1;9.89035574e-1;246;252;245;#f6fcf5;T;0.03;0.01;0.03;0.02;5.63138187e-1;7.48139739e-1;8.89137208e-1;9.10949886e-1;9.17465031e-1;9.27392602e-1;9.32955921e-1;9.39973176e-1;9.55242097e-1;9.68884945e-1;9.76514697e-1;9.79043484e-1;9.79800940e-1;9.76474047e-1;9.76829588e-1;9.72217262e-1;9.66122985e-1;9.62966263e-1;9.60125625e-1;9.54582632e-1;9.44799960e-1;9.32058811e-1;9.20384586e-1;9.07667398e-1;9.01194751e-1;8.99704993e-1;8.96553040e-1;8.95727336e-1;8.97358894e-1;8.99106979e-1;8.99535298e-1
15;"-";"MASTER";"-";"PG_0.75";Scan;"-";"-";"-";Nix Spectro 2;"-";Thu Nov 20 2025 16:28:48 GMT+0000 (Coordinated Universal Time);D65;10;M2;9.80307399e+1;-4.28220844e+0;2.81315012e+0;9.80307399e+1;5.12358495e+0;1.46697524e+2;8.77303196e-1;9.49930558e-1;9.76181546e-1;243;252;244;#f3fcf4;T;0.04;0.01;0.04;0.03;5.63390434e-1;7.40806699e-1;8.75144005e-1;8.96158755e-1;9.02438700e-1;9.13492203e-1;9.21843708e-1;9.30721521e-1;9.46481526e-1;9.61341023e-1;9.70414639e-1;9.73462343e-1;9.74798620e-1;9.72457886e-1;9.71311331e-1;9.64939892e-1;9.58482981e-1;9.53783393e-1;9.48189735e-1;9.40266550e-1;9.27629650e-1;9.11689043e-1;8.97907913e-1;8.84168148e-1;8.76924157e-1;8.74162138e-1;8.71322632e-1;8.71479034e-1;8.73411238e-1;8.75169933e-1;8.76470387e-1
16;"-";"MASTER";"-";"PG_1";Scan;"-";"-";"-";Nix Spectro 2;"-";Thu Nov 20 2025 16:29:11 GMT+0000 (Coordinated Universal Time);D65;10;M2;9.75494168e+1;-5.17026693e+0;3.50076331e+0;9.75494168e+1;6.24395739e+0;1.45898257e+2;8.61396300e-1;9.37952307e-1;9.53428741e-1;240;251;241;#f0fbf1;T;0.05;0.02;0.05;0.03;5.32964587e-1;7.09050596e-1;8.44568968e-1;8.69053543e-1;8.78551900e-1;8.92058432e-1;9.01520789e-1;9.13176239e-1;9.33393002e-1;9.52039778e-1;9.63832617e-1;9.68021035e-1;9.68768239e-1;9.65587139e-1;9.63619709e-1;9.55532908e-1;9.46845353e-1;9.40596521e-1;9.33878779e-1;9.24878836e-1;9.10575747e-1;8.93239677e-1;8.78466308e-1;8.64353299e-1;8.56624365e-1;8.52537990e-1;8.47443819e-1;8.45994592e-1;8.48100722e-1;8.49952400e-1;8.50710750e-1
17;"-";"MASTER";"-";"PG_1.5";Scan;"-";"-";"-";Nix Spectro 2;"-";Thu Nov 20 2025 16:29:36 GMT+0000 (Coordinated Universal Time);D65;10;M2;9.67582803e+1;-7.50303303e+0;4.07736115e+0;9.67582803e+1;8.53934298e+0;1.51479087e+2;8.31112834e-1;9.18483510e-1;9.24850210e-1;234;250;238;#eafaee;T;0.07;0.02;0.06;0.04;5.12711048e-1;6.81924462e-1;8.08455586e-1;8.33068550e-1;8.44718516e-1;8.62025917e-1;8.77302527e-1;8.94336164e-1;9.18678880e-1;9.41433728e-1;9.56041157e-1;9.61056530e-1;9.61508989e-1;9.58079994e-1;9.55287278e-1;9.45708752e-1;9.34291065e-1;9.24717069e-1;9.13920581e-1;8.98566306e-1;8.74069750e-1;8.45194221e-1;8.21058214e-1;8.02396059e-1;7.90837467e-1;7.83438206e-1;7.79781640e-1;7.83288956e-1;7.90489018e-1;7.96420991e-1;8.02897871e-1
18;"-";"MASTER";"-";"PG_2";Scan;"-";"-";"-";Nix Spectro 2;"-";Thu Nov 20 2025 16:29:59 GMT+0000 (Coordinated Universal Time);D65;10;M2;9.62790749e+1;-8.15159574e+0;4.39523130e+0;9.62790749e+1;9.26102431e+0;1.51667048e+2;8.17051119e-1;9.06822964e-1;9.08272553e-1;231;249;236;#e7f9ec;T;0.08;0.02;0.06;0.05;5.18935680e-1;6.82651222e-1;8.01882267e-1;8.20159853e-1;8.27409327e-1;8.42545569e-1;8.57434571e-1;8.75907302e-1;9.04262006e-1;9.31466401e-1;9.49325740e-1;9.55747902e-1;9.55877423e-1;9.51744258e-1;9.47673440e-1;9.36351001e-1;9.23061371e-1;9.11059678e-1;8.97982240e-1;8.81635785e-1;8.56472015e-1;8.27603757e-1;8.04496944e-1;7.86604881e-1;7.75774837e-1;7.68397808e-1;7.62952328e-1;7.64219105e-1;7.70305395e-1;7.75761127e-1;7.81251013e-1
19;"-";"MASTER";"-";"OPTI6";Scan;"-";"-";"-";Nix Spectro 2;"-";Fri Nov 21 2025 15:21:35 GMT+0000 (Coordinated Universal Time);D65;10;M2;9.75561996e+1;-1.66021310e+1;7.31804696e+1;9.75561996e+1;7.50400686e+1;1.02782083e+2;8.01970048e-1;9.38120402e-1;2.47207681e-1;255;254;96;#fffe60;T;0.00;-0.01;0.51;0.00;1.04799487e-1;1.39979988e-1;1.48332372e-1;1.47629753e-1;1.44241363e-1;1.43327862e-1;1.73130035e-1;2.48826221e-1;4.11535680e-1;6.53169453e-1;8.85709763e-1;1.00407243e+0;1.03940523e+0;1.03976190e+0;1.02990198e+0;1.01752794e+0;1.00887334e+0;1.00540042e+0;1.00421429e+0;1.00222230e+0;1.00020087e+0;9.96351898e-1;9.92268443e-1;9.82937455e-1;9.79927897e-1;9.81686413e-1;9.80756402e-1;9.78853583e-1;9.75678325e-1;9.73478496e-1;9.69664216e-1
20;"-";"MASTER";"-";"OPTI7";Scan;"-";"-";"-";Nix Spectro 2;"-";Fri Nov 21 2025 15:22:18 GMT+0000 (Coordinated Universal Time);D65;10;M2;1.00734125e+2;-2.05532068e+1;5.39904711e+1;1.00734125e+2;5.77702802e+1;1.10840934e+2;8.52590921e-1;1.01910641e+0;4.28464985e-1;253;255;149;#fdff95;T;0.00;-0.06;0.32;-0.02;2.80884832e-1;3.45567137e-1;3.62504929e-1;3.42977464e-1;3.20310771e-1;3.14815342e-1;3.34574938e-1;3.87323111e-1;5.33119142e-1;7.94798136e-1;1.06899965e+0;1.20125866e+0;1.21183944e+0;1.17510927e+0;1.12738371e+0;1.08530986e+0;1.05613244e+0;1.03822780e+0;1.02711546e+0;1.01580524e+0;1.00614321e+0;9.96166587e-1;9.87529874e-1;9.75924611e-1;9.71124232e-1;9.72247660e-1;9.70205188e-1;9.66901004e-1;9.63249207e-1;9.60920870e-1;9.56417441e-1
21;"-";"MASTER";"-";"OPTI8";Scan;"-";"-";"-";Nix Spectro 2;"-";Fri Nov 21 2025 15:22:51 GMT+0000 (Coordinated Universal Time);D65;10;M2;9.91973597e+1;-2.02271088e+1;7.17146916e+1;9.91973597e+1;7.45126360e+1;1.05751091e+2;8.19646637e-1;9.79385361e-1;2.74110477e-1;255;255;104;#ffff68;T;0.00;-0.04;0.47;-0.01;1.45360991e-1;1.85682103e-1;1.92263395e-1;1.83685467e-1;1.73620179e-1;1.70406297e-1;1.93073601e-1;2.52419293e-1;3.99872929e-1;6.62142098e-1;9.54229653e-1;1.11430311e+0;1.15067565e+0;1.13228273e+0;1.09740555e+0;1.06492269e+0;1.04189885e+0;1.02794039e+0;1.01950777e+0;1.01094794e+0;1.00371885e+0;9.95502234e-1;9.88352180e-1;9.77770567e-1;9.73963439e-1;9.75920677e-1;9.73768830e-1;9.71295357e-1;9.68381286e-1;9.65761602e-1;9.61258292e-1
22;"-";"MASTER";"-";"OPTI9";Scan;"-";"-";"-";Nix Spectro 2;"-";Fri Nov 21 2025 15:23:18 GMT+0000 (Coordinated Universal Time);D65;10;M2;9.81648166e+1;-1.91909070e+1;8.72237452e+1;9.81648166e+1;8.93099807e+1;1.02408473e+2;8.02145967e-1;9.53285270e-1;1.76645248e-1;255;255;56;#ffff38;T;0.00;-0.02;0.62;-0.01;7.02096820e-2;9.16140229e-2;9.31588709e-2;9.13104191e-2;8.80955234e-2;8.56557041e-2;1.04928181e-1;1.57822624e-1;2.93921113e-1;5.49508035e-1;8.58365417e-1;1.04735708e+0;1.10914052e+0;1.10699344e+0;1.08094251e+0;1.05445969e+0;1.03586340e+0;1.02486050e+0;1.01850379e+0;1.01199555e+0;1.00668752e+0;9.99615014e-1;9.93665457e-1;9.83225644e-1;9.79810894e-1;9.81538177e-1;9.80645537e-1;9.78180528e-1;9.74524021e-1;9.72477496e-1;9.69005406e-1
23;"-";"MASTER";"-";"OPTI10";Scan;"-";"-";"-";Nix Spectro 2;"-";Fri Nov 21 2025 15:23:40 GMT+0000 (Coordinated Universal Time);D65;10;M2;9.90756205e+1;-1.96174204e+1;7.20713221e+1;9.90756205e+1;7.46934981e+1;1.05226705e+2;8.20085267e-1;9.76283633e-1;2.70455710e-1;255;255;103;#ffff67;T;0.00;-0.03;0.48;-0.01;1.43849447e-1;1.82066336e-1;1.87601611e-1;1.80730417e-1;1.72550753e-1;1.69970527e-1;1.92607284e-1;2.50890493e-1;3.90806139e-1;6.40823603e-1;9.29718018e-1;1.09757483e+0;1.14299369e+0;1.12954044e+0;1.09704626e+0;1.06563723e+0;1.04229009e+0;1.02842784e+0;1.02071285e+0;1.01244545e+0;1.00551152e+0;9.97730374e-1;9.90691423e-1;9.79899406e-1;9.75768149e-1;9.77718115e-1;9.76051986e-1;9.73163664e-1;9.69735622e-1;9.67280626e-1;9.63186562e-1
24;"-";"MASTER";"-";"OPTI1";Scan;"-";"-";"-";Nix Spectro 2;"-";Fri Nov 21 2025 15:27:39 GMT+0000 (Coordinated Universal Time);D65;10;M2;9.91956613e+1;-1.71591898e+1;5.27207628e+1;9.91956613e+1;5.54429132e+1;1.08028675e+2;8.35548543e-1;9.79342042e-1;4.16508956e-1;254;255;147;#feff93;T;0.00;-0.03;0.34;-0.01;2.34733954e-1;3.03808659e-1;3.28165203e-1;3.19889098e-1;3.07807922e-1;3.07901978e-1;3.34897071e-1;3.99531513e-1;5.47869563e-1;7.77876854e-1;9.95643914e-1;1.09540188e+0;1.10891235e+0;1.09081602e+0;1.06671214e+0;1.04276943e+0;1.02483535e+0;1.01440525e+0;1.00889218e+0;1.00299692e+0;9.97663260e-1;9.90701497e-1;9.83980060e-1;9.73629534e-1;9.69851434e-1;9.71377909e-1;9.69133198e-1;9.66459334e-1;9.63463068e-1;9.61073697e-1;9.56855118e-1
25;"-";"MASTER";"-";"OPTI1H";Scan;"-";"-";"-";Nix Spectro 2;"-";Fri Nov 21 2025 15:27:58 GMT+0000 (Coordinated Universal Time);D65;10;M2;9.93387749e+1;-1.89587636e+1;6.06483675e+1;9.93387749e+1;6.35425778e+1;1.07359317e+2;8.29379427e-1;9.82996644e-1;3.54127218e-1;255;255;131;#ffff83;T;0.00;-0.03;0.39;-0.01;2.00112343e-1;2.53722638e-1;2.70382434e-1;2.61746198e-1;2.49579713e-1;2.48309657e-1;2.72570729e-1;3.31433922e-1;4.76599604e-1;7.26157904e-1;9.86393988e-1;1.11685777e+0;1.13917983e+0;1.11837339e+0;1.08664870e+0;1.05655885e+0;1.03473425e+0;1.02195442e+0;1.01438904e+0;1.00661242e+0;1.00007093e+0;9.91930246e-1;9.84878123e-1;9.74033415e-1;9.70071197e-1;9.71493304e-1;9.69631076e-1;9.67009187e-1;9.63576138e-1;9.60932672e-1;9.57066953e-1
26;"-";"MASTER";"-";"OPTI10H";Scan;"-";"-";"-";Nix Spectro 2;"-";Fri Nov 21 2025 15:28:48 GMT+0000 (Coordinated Universal Time);D65;10;M2;9.91059628e+1;-2.13112598e+1;8.47746482e+1;9.91059628e+1;8.74123033e+1;1.04111023e+2;8.12039669e-1;9.77056095e-1;1.97071087e-1;255;255;67;#ffff43;T;0.00;-0.04;0.59;-0.01;9.71040428e-2;1.20111704e-1;1.21665873e-1;1.16374478e-1;1.09451525e-1;1.05960831e-1;1.23045713e-1;1.69253707e-1;2.93269038e-1;5.48566043e-1;8.85586083e-1;1.10577965e+0;1.17733836e+0;1.16741121e+0;1.12487721e+0;1.08374166e+0;1.05430138e+0;1.03672135e+0;1.02615094e+0;1.01502693e+0;1.00544047e+0;9.95728970e-1;9.87891495e-1;9.76553679e-1;9.72154319e-1;9.73388612e-1;9.72007871e-1;9.69332695e-1;9.65924203e-1;9.63776410e-1;9.60085571e-1
27;"-";"MASTER";"-";"OPTI9H";Scan;"-";"-";"-";Nix Spectro 2;"-";Fri Nov 21 2025 15:29:15 GMT+0000 (Coordinated Universal Time);D65;10;M2;9.81379223e+1;-1.96145442e+1;9.60056560e+1;9.81379223e+1;9.79888582e+1;1.01546969e+2;7.99403438e-1;9.52611720e-1;1.37308985e-1;255;255;0;#ffff00;T;-0.00;-0.03;0.69;-0.01;4.62148711e-2;5.96588925e-2;6.05404340e-2;6.00610487e-2;5.69849759e-2;5.39124720e-2;6.97992295e-2;1.12826101e-1;2.31634870e-1;4.82955456e-1;8.19426179e-1;1.04372728e+0;1.12530839e+0;1.12665308e+0;1.09586275e+0;1.06575990e+0;1.04391563e+0;1.03034115e+0;1.02257776e+0;1.01503944e+0;1.00868332e+0;1.00122452e+0;9.94579256e-1;9.84182000e-1;9.80541289e-1;9.83163416e-1;9.81575072e-1;9.79010999e-1;9.76215780e-1;9.74399328e-1;9.70908761e-1
28;"-";"MASTER";"-";"OPTI8H";Scan;"-";"-";"-";Nix Spectro 2;"-";Fri Nov 21 2025 15:29:41 GMT+0000 (Coordinated Universal Time);D65;10;M2;9.89987159e+1;-2.06395741e+1;7.83730048e+1;9.89987159e+1;8.10451720e+1;1.04753886e+2;8.13114533e-1;9.74327599e-1;2.31201402e-1;255;255;86;#ffff56;T;0.00;-0.04;0.53;-0.01;1.19018435e-1;1.49123058e-1;1.52611926e-1;1.45765737e-1;1.36903062e-1;1.33180439e-1;1.53090939e-1;2.06297189e-1;3.44929725e-1;6.08089209e-1;9.21379387e-1;1.10501409e+0;1.15416968e+0;1.13971019e+0;1.10409510e+0;1.06967187e+0;1.04458082e+0;1.02979553e+0;1.02086949e+0;1.01116145e+0;1.00304306e+0;9.94244933e-1;9.87139642e-1;9.76218581e-1;9.72303689e-1;9.73564565e-1;9.71934974e-1;9.69368994e-1;9.66130137e-1;9.64045823e-1;9.60568368e-1
29;"-";"MASTER";"-";"OPTI7H";Scan;"-";"-";"-";Nix Spectro 2;"-";Fri Nov 21 2025 15:29:59 GMT+0000 (Coordinated Universal Time);D65;10;M2;1.00799086e+2;-2.23851227e+1;6.10132421e+1;1.00799086e+2;6.49900718e+1;1.10147561e+2;8.44392419e-1;1.02080871e+0;3.70934906e-1;253;255;133;#fdff85;T;0.00;-0.06;0.37;-0.02;2.48885021e-1;2.98929214e-1;3.09308499e-1;2.89535314e-1;2.66649574e-1;2.59665191e-1;2.76927173e-1;3.25285763e-1;4.68082786e-1;7.45466173e-1;1.05845881e+0;1.22074795e+0;1.24006200e+0;1.20067680e+0;1.14660931e+0;1.09851754e+0;1.06317484e+0;1.04158974e+0;1.02898598e+0;1.01583374e+0;1.00410187e+0;9.92282808e-1;9.83280182e-1;9.71494794e-1;9.67030704e-1;9.67896581e-1;9.65451360e-1;9.62434053e-1;9.59648073e-1;9.57931042e-1;9.53917265e-1
30;"-";"MASTER";"-";"OPTI6H";Scan;"-";"-";"-";Nix Spectro 2;"-";Fri Nov 21 2025 15:30:28 GMT+0000 (Coordinated Universal Time);D65;10;M2;9.74061136e+1;-1.69397925e+1;7.84245290e+1;9.74061136e+1;8.02331809e+1;1.02188699e+2;7.96970956e-1;9.34405605e-1;2.15393604e-1;255;254;82;#fffe52;T;0.00;-0.01;0.55;0.00;8.63319710e-2;1.15970708e-1;1.22219428e-1;1.21658683e-1;1.18080802e-1;1.16704971e-1;1.43365219e-1;2.11046815e-1;3.64717185e-1;6.09790087e-1;8.63089979e-1;1.00123239e+0;1.04448819e+0;1.04545009e+0;1.03450859e+0;1.02112138e+0;1.01126313e+0;1.00664258e+0;1.00478756e+0;1.00198209e+0;9.99367237e-1;9.94851112e-1;9.90430832e-1;9.80888009e-1;9.77904975e-1;9.79693353e-1;9.78976429e-1;9.77386475e-1;9.74501491e-1;9.72208440e-1;9.68006372e-1
31;"-";"MASTER";"-";"BiVaO10H";Scan;"-";"-";"-";Nix Spectro 2;"-";Fri Nov 21 2025 15:31:21 GMT+0000 (Coordinated Universal Time);D65;10;M2;9.66426289e+1;-1.48491472e+1;7.46295456e+1;9.66426289e+1;7.60924849e+1;1.01253255e+2;7.90905069e-1;9.15660259e-1;2.29362331e-1;255;250;90;#fffa5a;T;0.00;0.01;0.53;0.01;8.27931613e-2;1.11883417e-1;1.20682374e-1;1.23235933e-1;1.22451022e-1;1.22651458e-1;1.57241315e-1;2.45598972e-1;4.25240785e-1;6.58027112e-1;8.51860166e-1;9.44050908e-1;9.78070319e-1;9.88293231e-1;9.93298471e-1;9.92135167e-1;9.91338253e-1;9.93007004e-1;9.95244384e-1;9.96645451e-1;9.97358322e-1;9.95246530e-1;9.91816521e-1;9.83280778e-1;9.80882108e-1;9.84169662e-1;9.83110249e-1;9.80777740e-1;9.77840304e-1;9.75647688e-1;9.71326351e-1
32;"-";"MASTER";"-";"BiVaO1H";Scan;"-";"-";"-";Nix Spectro 2;"-";Fri Nov 21 2025 15:32:40 GMT+0000 (Coordinated Universal Time);D65;10;M2;9.84971571e+1;-6.49698326e+0;1.82188085e+1;9.84971571e+1;1.93425897e+1;1.09626670e+2;8.76199772e-1;9.61634736e-1;7.71734359e-1;252;253;215;#fcfdd7;T;0.01;0.01;0.12;0.01;4.29193407e-1;5.60677171e-1;6.50841653e-1;6.62957370e-1;6.61593974e-1;6.76028788e-1;7.16779768e-1;7.81718552e-1;8.63670290e-1;9.30471301e-1;9.66175497e-1;9.77888346e-1;9.81869817e-1;9.80965257e-1;9.83153284e-1;9.81784463e-1;9.80432510e-1;9.80546415e-1;9.82017219e-1;9.83133614e-1;9.82634246e-1;9.79487836e-1;9.75510240e-1;9.66541529e-1;9.63595688e-1;9.65049565e-1;9.62745667e-1;9.60152924e-1;9.57040191e-1;9.54359651e-1;9.50779319e-1
33;"-";"MASTER";"-";"BiVaO2H";Scan;"-";"-";"-";Nix Spectro 2;"-";Fri Nov 21 2025 15:33:06 GMT+0000 (Coordinated Universal Time);D65;10;M2;9.83219937e+1;-7.36712443e+0;2.14954183e+1;9.83219937e+1;2.27228416e+1;1.08918125e+2;8.67457630e-1;9.57228017e-1;7.26414560e-1;252;253;208;#fcfdd0;T;0.01;0.01;0.14;0.01;3.97620559e-1;5.22744119e-1;6.04670763e-1;6.14494681e-1;6.11471713e-1;6.25357568e-1;6.69919789e-1;7.44066417e-1;8.39423776e-1;9.18223500e-1;9.60821092e-1;9.75197017e-1;9.80278969e-1;9.79711235e-1;9.82592821e-1;9.80960369e-1;9.79039311e-1;9.79481399e-1;9.80760634e-1;9.81869996e-1;9.81984377e-1;9.79210436e-1;9.75304663e-1;9.66513515e-1;9.63660002e-1;9.66006219e-1;9.63656425e-1;9.60539043e-1;9.57503915e-1;9.55304086e-1;9.51697886e-1
34;"-";"MASTER";"-";"BiVaO5H";Scan;"-";"-";"-";Nix Spectro 2;"-";Fri Nov 21 2025 15:33:31 GMT+0000 (Coordinated Universal Time);D65;10;M2;9.75905725e+1;-1.21414490e+1;4.44589691e+1;9.75905725e+1;4.60870341e+1;1.05274640e+2;8.25648903e-1;9.38972553e-1;4.65361386e-1;255;253;160;#fffda0;T;0.01;0.01;0.30;0.01;2.30783731e-1;3.03723782e-1;3.39046001e-1;3.43542904e-1;3.41080099e-1;3.48837435e-1;3.98929149e-1;5.01422822e-1;6.61147952e-1;8.22257757e-1;9.27565634e-1;9.68254030e-1;9.81644273e-1;9.84134078e-1;9.87753570e-1;9.86794770e-1;9.85411346e-1;9.85936880e-1;9.87849653e-1;9.88762140e-1;9.88316834e-1;9.85638380e-1;9.81957436e-1;9.73176122e-1;9.70385551e-1;9.72572565e-1;9.70817327e-1;9.68205333e-1;9.65544641e-1;9.63714540e-1;9.60069835e-1
35;"-";"MASTER";"-";"BiVaO20H";Scan;"-";"-";"-";Nix Spectro 2;"-";Fri Nov 21 2025 15:33:52 GMT+0000 (Coordinated Universal Time);D65;10;M2;9.43781593e+1;-1.39847889e+1;9.49339567e+1;9.43781593e+1;9.59584830e+1;9.83800123e+1;7.46900809e-1;8.61540057e-1;1.16360395e-1;255;243;0;#fff300;T;0.02;0.04;0.74;0.03;2.24324055e-2;3.09660081e-2;3.29101570e-2;3.68924513e-2;3.69577482e-2;3.47696654e-2;5.44287078e-2;1.09126046e-1;2.48348042e-1;4.79184330e-1;7.23063171e-1;8.65573287e-1;9.27781880e-1;9.50671017e-1;9.57431138e-1;9.57495809e-1;9.57571268e-1;9.59194422e-1;9.60824788e-1;9.62271810e-1;9.62895334e-1;9.61804807e-1;9.59731936e-1;9.52305734e-1;9.50313210e-1;9.53373730e-1;9.52722192e-1;9.51176882e-1;9.48639572e-1;9.46426451e-1;9.42602515e-1
36;"-";"MASTER";"-";"PG2H";Scan;"-";"-";"-";Nix Spectro 2;"-";Fri Nov 21 2025 15:38:02 GMT+0000 (Coordinated Universal Time);D65;10;M2;9.56857495e+1;-8.71129866e+0;5.08664293e+0;9.56857495e+1;1.00876489e+1;1.49718777e+2;8.01098021e-1;8.92522803e-1;8.83804015e-1;229;247;232;#e5f7e8;T;0.09;0.03;0.08;0.06;5.01022935e-1;6.57034039e-1;7.74077713e-1;7.93658137e-1;8.01255405e-1;8.19062233e-1;8.35860908e-1;8.55507910e-1;8.85725319e-1;9.15810049e-1;9.37180579e-1;9.45384383e-1;9.45661485e-1;9.41455662e-1;9.35876250e-1;9.23025727e-1;9.08439338e-1;8.95611882e-1;8.81960571e-1;8.64869237e-1;8.39453936e-1;8.11495245e-1;7.89180815e-1;7.71894455e-1;7.61213541e-1;7.54099250e-1;7.48425484e-1;7.48589933e-1;7.53887057e-1;7.58839905e-1;7.64351308e-1
37;"-";"MASTER";"-";"PG1.5H";Scan;"-";"-";"-";Nix Spectro 2;"-";Fri Nov 21 2025 15:38:48 GMT+0000 (Coordinated Universal Time);D65;10;M2;9.61831012e+1;-8.26739110e+0;4.73266246e+0;9.61831012e+1;9.52616658e+0;1.50211049e+2;8.14326542e-1;9.04499554e-1;9.01048682e-1;231;249;235;#e7f9eb;T;0.08;0.03;0.07;0.05;5.06262183e-1;6.65609062e-1;7.87210405e-1;8.09243321e-1;8.17942381e-1;8.36752772e-1;8.54625821e-1;8.73275280e-1;9.00909662e-1;9.28159773e-1;9.45754349e-1;9.52493966e-1;9.53261077e-1;9.49000239e-1;9.44894671e-1;9.34222341e-1;9.21236277e-1;9.09888923e-1;8.97339106e-1;8.80965710e-1;8.55217516e-1;8.25587034e-1;8.01724792e-1;7.83465028e-1;7.72260606e-1;7.65305877e-1;7.61035204e-1;7.63835788e-1;7.70994365e-1;7.76591718e-1;7.82431602e-1
38;"-";"MASTER";"-";"PG1";Scan;"-";"-";"-";Nix Spectro 2;"-";Fri Nov 21 2025 15:40:12 GMT+0000 (Coordinated Universal Time);D65;10;M2;9.72907016e+1;-5.30397283e+0;3.56174611e+0;9.72907016e+1;6.38890939e+0;1.46117684e+2;8.54749205e-1;9.31555708e-1;9.45905793e-1;239;250;240;#effaf0;T;0.05;0.02;0.05;0.03;5.43449044e-1;7.09833503e-1;8.41440201e-1;8.63008261e-1;8.68349195e-1;8.82327616e-1;8.94984186e-1;9.07432735e-1;9.26694930e-1;9.45460200e-1;9.57644820e-1;9.62252200e-1;9.63094056e-1;9.59955990e-1;9.58164394e-1;9.49993014e-1;9.40717459e-1;9.34146464e-1;9.27426815e-1;9.18073177e-1;9.02941108e-1;8.85109127e-1;8.70208621e-1;8.56122136e-1;8.48396838e-1;8.44320714e-1;8.40202868e-1;8.40032518e-1;8.42758358e-1;8.44832599e-1;8.46739531e-1
39;"-";"MASTER";"-";"PG0.75H";Scan;"-";"-";"-";Nix Spectro 2;"-";Fri Nov 21 2025 15:40:51 GMT+0000 (Coordinated Universal Time);D65;10;M2;9.75331687e+1;-4.58808072e+0;3.13875379e+0;9.75331687e+1;5.55898012e+0;1.45623563e+2;8.64132181e-1;9.37549723e-1;9.58405926e-1;241;250;242;#f1faf2;T;0.05;0.02;0.04;0.03;5.55576682e-1;7.24472225e-1;8.57254624e-1;8.78184080e-1;8.83492649e-1;8.96643281e-1;9.05962467e-1;9.14186776e-1;9.31266248e-1;9.49266315e-1;9.60713267e-1;9.64400232e-1;9.64585125e-1;9.61092412e-1;9.59784687e-1;9.53760087e-1;9.46515203e-1;9.40691352e-1;9.34412658e-1;9.26549613e-1;9.14049685e-1;8.97970676e-1;8.84463668e-1;8.70873034e-1;8.63864422e-1;8.59915912e-1;8.54933202e-1;8.53921950e-1;8.56106222e-1;8.57808471e-1;8.59376907e-1
40;"-";"MASTER";"-";"PG0.5H";Scan;"-";"-";"-";Nix Spectro 2;"-";Fri Nov 21 2025 15:41:16 GMT+0000 (Coordinated Universal Time);D65;10;M2;9.78440431e+1;-3.37878706e+0;2.64411291e+0;9.78440431e+1;4.29040034e+0;1.41954590e+2;8.77836428e-1;9.45272374e-1;9.73873469e-1;244;251;244;#f4fbf4;T;0.04;0.02;0.04;0.03;5.69695413e-1;7.40428388e-1;8.76583695e-1;8.96297336e-1;9.01042163e-1;9.13276672e-1;9.20410872e-1;9.26127315e-1;9.39183652e-1;9.52122629e-1;9.60673571e-1;9.63912010e-1;9.64389324e-1;9.61627603e-1;9.62282002e-1;9.57332671e-1;9.50965703e-1;9.47279334e-1;9.43945706e-1;9.39044416e-1;9.30725396e-1;9.19533491e-1;9.08898473e-1;8.97110522e-1;8.91231298e-1;8.89854193e-1;8.85602355e-1;8.83414149e-1;8.83520722e-1;8.83473694e-1;8.82325232e-1
41;"-";"MASTER";"-";"PBLUE8H";Scan;"-";"-";"-";Nix Spectro 2;"-";Fri Nov 21 2025 15:41:43 GMT+0000 (Coordinated Universal Time);D65;10;M2;9.41989700e+1;2.47445571e-1;5.03853231e+0;9.41989700e+1;5.04460476e+0;8.71884262e+1;8.14134046e-1;8.57350960e-1;8.48705867e-1;243;238;229;#f3eee5;T;0.05;0.07;0.10;0.06;4.85261589e-1;6.46874189e-1;7.63503671e-1;7.81721354e-1;7.85813928e-1;7.98985779e-1;8.04824829e-1;8.05500984e-1;8.11077714e-1;8.20601583e-1;8.30593526e-1;8.37491810e-1;8.44084680e-1;8.48899066e-1;8.57023060e-1;8.61391425e-1;8.65174055e-1;8.70216429e-1;8.74085486e-1;8.80446732e-1;8.84636819e-1;8.86540532e-1;8.87580514e-1;8.82900000e-1;8.82569313e-1;8.85502994e-1;8.84311855e-1;8.83329749e-1;8.82349849e-1;8.81413996e-1;8.79083753e-1
42;"-";"MASTER";"-";"PBLUE5H";Scan;"-";"-";"-";Nix Spectro 2;"-";Fri Nov 21 2025 15:42:07 GMT+0000 (Coordinated Universal Time);D65;10;M2;9.63274464e+1;-2.99271048e-1;3.53673750e+0;9.63274464e+1;3.54937675e+0;9.48367225e+1;8.59284231e-1;9.07995489e-1;9.21905905e-1;247;244;238;#f7f4ee;T;0.03;0.04;0.06;0.04;5.33452749e-1;7.04447091e-1;8.32669079e-1;8.52675080e-1;8.57175708e-1;8.68212283e-1;8.72814476e-1;8.72999132e-1;8.77810717e-1;8.85850072e-1;8.93073499e-1;8.96921873e-1;9.01209772e-1;9.03900266e-1;9.09402549e-1;9.11319971e-1;9.13212538e-1;9.16256130e-1;9.19233501e-1;9.23668742e-1;9.25843537e-1;9.25103784e-1;9.23878789e-1;9.17197227e-1;9.15746272e-1;9.18277204e-1;9.16952491e-1;9.15072381e-1;9.12822664e-1;9.10857320e-1;9.07400727e-1
43;"-";"MASTER";"-";"PBLUE2H";Scan;"-";"-";"-";Nix Spectro 2;"-";Fri Nov 21 2025 15:42:38 GMT+0000 (Coordinated Universal Time);D65;10;M2;9.74630927e+1;-7.25661289e-1;2.91392594e+0;9.74630927e+1;3.00292335e+0;1.03984041e+2;8.83311719e-1;9.35814744e-1;9.59959363e-1;249;248;242;#f9f8f2;T;0.02;0.03;0.05;0.03;5.49379826e-1;7.27910340e-1;8.65571022e-1;8.88117850e-1;8.94047976e-1;9.04955685e-1;9.08588052e-1;9.08707380e-1;9.14595902e-1;9.22487259e-1;9.28594589e-1;9.31828499e-1;9.34605181e-1;9.34349954e-1;9.38120961e-1;9.38947201e-1;9.39094782e-1;9.40948427e-1;9.43443120e-1;9.46305096e-1;9.47420955e-1;9.46162045e-1;9.43431437e-1;9.35885489e-1;9.33485031e-1;9.36058164e-1;9.34403718e-1;9.32018161e-1;9.29434419e-1;9.27340865e-1;9.23805952e-1
44;"-";"MASTER";"-";"PBLUE3H";Scan;"-";"-";"-";Nix Spectro 2;"-";Fri Nov 21 2025 15:43:02 GMT+0000 (Coordinated Universal Time);D65;10;M2;9.73393259e+1;-6.87494578e-1;2.87516974e+0;9.73393259e+1;2.95622222e+0;1.03447748e+2;8.80626679e-1;9.32755692e-1;9.57351995e-1;248;248;242;#f8f8f2;T;0.03;0.03;0.05;0.03;5.55713296e-1;7.31834471e-1;8.67270887e-1;8.87147903e-1;8.91289651e-1;9.01831985e-1;9.05263960e-1;9.04905975e-1;9.11028206e-1;9.18764651e-1;9.24075961e-1;9.27161455e-1;9.30711210e-1;9.31637168e-1;9.35890377e-1;9.36190069e-1;9.36700225e-1;9.38894808e-1;9.40791070e-1;9.43539977e-1;9.44644332e-1;9.42689657e-1;9.39614296e-1;9.31810975e-1;9.29373503e-1;9.31873441e-1;9.30633187e-1;9.29139972e-1;9.27119792e-1;9.24865067e-1;9.21273708e-1
45;"-";"MASTER";"-";"OPTI5H";Scan;"-";"-";"-";Nix Spectro 2;"-";Fri Nov 21 2025 16:10:23 GMT+0000 (Coordinated Universal Time);D65;10;M2;9.94642188e+1;-1.44505433e+1;3.71997369e+1;9.94642188e+1;3.99078768e+1;1.11229068e+2;8.55928504e-1;9.86207492e-1;5.68954271e-1;252;255;180;#fcffb4;T;0.01;-0.02;0.23;-0.00;3.32950622e-1;4.29855883e-1;4.78510916e-1;4.73144889e-1;4.58439797e-1;4.60897058e-1;4.89629298e-1;5.49109459e-1;6.79133415e-1;8.68500352e-1;1.03055227e+0;1.09403658e+0;1.09394264e+0;1.07314384e+0;1.05184889e+0;1.03055954e+0;1.01420677e+0;1.00525188e+0;1.00055289e+0;9.95801151e-1;9.91405189e-1;9.84773934e-1;9.77922916e-1;9.67465580e-1;9.63399589e-1;9.64949429e-1;9.61888611e-1;9.58314896e-1;9.55762208e-1;9.53935206e-1;9.49659348e-1
46;"-";"MASTER";"-";"OPTI4H";Scan;"-";"-";"-";Nix Spectro 2;"-";Fri Nov 21 2025 16:10:54 GMT+0000 (Coordinated Universal Time);D65;10;M2;9.96792184e+1;-2.05224843e+1;6.43708416e+1;9.96792184e+1;6.75631379e+1;1.07683138e+2;8.28878498e-1;9.91726845e-1;3.30568399e-1;255;255;123;#ffff7b;T;0.00;-0.04;0.41;-0.01;1.93705454e-1;2.43108809e-1;2.52747536e-1;2.41024092e-1;2.28106886e-1;2.24139005e-1;2.44962335e-1;3.01175535e-1;4.47697192e-1;7.11699724e-1;9.98622715e-1;1.14719272e+0;1.17173553e+0;1.14536583e+0;1.10664046e+0;1.07080293e+0;1.04414117e+0;1.02808356e+0;1.01865518e+0;1.00890779e+0;1.00065732e+0;9.91655350e-1;9.83582020e-1;9.72474515e-1;9.68068242e-1;9.69353259e-1;9.67012465e-1;9.64236200e-1;9.61125195e-1;9.58725095e-1;9.54795659e-1
47;"-";"MASTER";"-";"OPTI3H";Scan;"-";"-";"-";Nix Spectro 2;"-";Fri Nov 21 2025 16:11:24 GMT+0000 (Coordinated Universal Time);D65;10;M2;9.87348776e+1;-1.91528980e+1;7.05974734e+1;9.87348776e+1;7.31494139e+1;1.05178827e+2;8.14910232e-1;9.67636858e-1;2.76188263e-1;255;255;106;#ffff6a;T;0.00;-0.03;0.47;-0.01;1.41440585e-1;1.81178570e-1;1.88523948e-1;1.82913318e-1;1.75871447e-1;1.74041301e-1;1.97567940e-1;2.59053677e-1;4.08227175e-1;6.64348662e-1;9.39526856e-1;1.08557856e+0;1.11880589e+0;1.10430467e+0;1.07654154e+0;1.05044210e+0;1.03190637e+0;1.02079201e+0;1.01417637e+0;1.00694311e+0;1.00087285e+0;9.93224740e-1;9.86377180e-1;9.75643933e-1;9.71753836e-1;9.73440468e-1;9.72007930e-1;9.69493032e-1;9.66442764e-1;9.64438200e-1;9.60850775e-1
48;"-";"MASTER";"-";"OPTI2H";Scan;"-";"-";"-";Nix Spectro 2;"-";Fri Nov 21 2025 16:11:54 GMT+0000 (Coordinated Universal Time);D65;10;M2;9.88080120e+1;-1.94206158e+1;7.12484882e+1;9.88080120e+1;7.38478665e+1;1.05247042e+2;8.15154612e-1;9.69488413e-1;2.72783652e-1;255;255;105;#ffff69;T;0.00;-0.03;0.48;-0.01;1.40496001e-1;1.79209352e-1;1.86625302e-1;1.80935144e-1;1.73591018e-1;1.71272904e-1;1.93689480e-1;2.53323972e-1;4.01021987e-1;6.59584343e-1;9.41423714e-1;1.09215903e+0;1.12600458e+0;1.11034656e+0;1.08126783e+0;1.05385029e+0;1.03379166e+0;1.02137578e+0;1.01403880e+0;1.00669992e+0;1.00070810e+0;9.93578553e-1;9.86944437e-1;9.76492584e-1;9.72612858e-1;9.74479973e-1;9.72102046e-1;9.68999743e-1;9.66204107e-1;9.64653313e-1;9.61979151e-1
49;"-";"MASTER";"-";"GXT5H";Scan;"-";"-";"-";Nix Spectro 2;"-";Fri Nov 21 2025 16:12:32 GMT+0000 (Coordinated Universal Time);D65;10;M2;1.00857431e+2;-1.28189361e+1;2.24711003e+1;1.00857431e+2;2.58703589e+1;1.19703168e+2;8.97152910e-1;1.02233926e+0;7.69374235e-1;250;255;213;#faffd5;T;0.01;-0.04;0.12;-0.01;5.17472506e-1;6.53385401e-1;7.27873266e-1;7.06085563e-1;6.75519347e-1;6.67153656e-1;6.69179678e-1;6.91086709e-1;7.94013798e-1;9.69668806e-1;1.11751413e+0;1.16383207e+0;1.14620733e+0;1.11167753e+0;1.07855761e+0;1.04894292e+0;1.02753115e+0;1.01441693e+0;1.00700331e+0;9.99354959e-1;9.91968155e-1;9.83748496e-1;9.76337969e-1;9.65505540e-1;9.61120784e-1;9.62365270e-1;9.59446728e-1;9.55599189e-1;9.52430189e-1;9.50135887e-1;9.45487976e-1
50;"-";"MASTER";"-";"GXT25H";Scan;"-";"-";"-";Nix Spectro 2;"-";Fri Nov 21 2025 16:12:51 GMT+0000 (Coordinated Universal Time);D65;10;M2;1.03190956e+2;-2.76191817e+1;6.46000741e+1;1.03190956e+2;7.02565924e+1;1.13148695e+2;8.71403350e-1;1.08481566e+0;3.75209190e-1;252;255;132;#fcff84;T;-0.00;-0.10;0.37;-0.04;3.49986970e-1;3.86152953e-1;3.69901121e-1;3.19081068e-1;2.74685502e-1;2.55826354e-1;2.55871862e-1;2.83292055e-1;4.22760844e-1;7.42402017e-1;1.14417863e+0;1.37469435e+0;1.40894890e+0;1.34904110e+0;1.25872004e+0;1.17971504e+0;1.12257397e+0;1.08563936e+0;1.06135476e+0;1.03690159e+0;1.01716292e+0;9.99412715e-1;9.86010313e-1;9.71758187e-1;9.65299904e-1;9.65388834e-1;9.62022185e-1;9.58144486e-1;9.54772770e-1;9.52076316e-1;9.47567523e-1
51;"-";"MASTER";"-";"GXT20H";Scan;"-";"-";"-";Nix Spectro 2;"-";Fri Nov 21 2025 16:13:20 GMT+0000 (Coordinated Universal Time);D65;10;M2;1.02376046e+2;-2.29505932e+1;4.70109952e+1;1.02376046e+2;5.23140841e+1;1.16021458e+2;8.77634813e-1;1.06271673e+0;5.19918590e-1;249;255;168;#f9ffa8;T;0.00;-0.08;0.26;-0.03;4.22813654e-1;4.93561625e-1;5.07064044e-1;4.61617708e-1;4.16525036e-1;4.00032103e-1;4.01605546e-1;4.29676384e-1;5.69061935e-1;8.57005298e-1;1.16960573e+0;1.31719518e+0;1.31594682e+0;1.25762486e+0;1.18738341e+0;1.12697089e+0;1.08302462e+0;1.05492949e+0;1.03722680e+0;1.01924229e+0;1.00425673e+0;9.90089059e-1;9.79010880e-1;9.66336191e-1;9.61030126e-1;9.61179674e-1;9.57430303e-1;9.54122365e-1;9.51310337e-1;9.48569119e-1;9.43277717e-1
52;"-";"MASTER";"-";"GXT15H";Scan;"-";"-";"-";Nix Spectro 2;"-";Fri Nov 21 2025 16:13:41 GMT+0000 (Coordinated Universal Time);D65;10;M2;1.02326660e+2;-2.22339840e+1;4.58741085e+1;1.02326660e+2;5.09782687e+1;1.15858258e+2;8.80359410e-1;1.06138722e+0;5.30431735e-1;250;255;170;#faffaa;T;0.00;-0.08;0.25;-0.03;4.24827278e-1;5.01358747e-1;5.18243432e-1;4.73120362e-1;4.27764773e-1;4.11455482e-1;4.13092524e-1;4.40449774e-1;5.77412069e-1;8.58617961e-1;1.16191173e+0;1.30523205e+0;1.30519557e+0;1.24993932e+0;1.18306327e+0;1.12498784e+0;1.08298516e+0;1.05583513e+0;1.03845751e+0;1.02110028e+0;1.00655699e+0;9.93021011e-1;9.82231379e-1;9.69511509e-1;9.63938475e-1;9.64158952e-1;9.61252630e-1;9.58030760e-1;9.54522908e-1;9.51476932e-1;9.46826935e-1
53;"-";"MASTER";"-";"GXT10H";Scan;"-";"-";"-";Nix Spectro 2;"-";Fri Nov 21 2025 16:14:13 GMT+0000 (Coordinated Universal Time);D65;10;M2;1.01602894e+2;-1.76854043e+1;3.39414129e+1;1.01602894e+2;3.82726147e+1;1.17522074e+2;8.88118603e-1;1.04202961e+0;6.45378613e-1;250;255;192;#faffc0;T;0.00;-0.06;0.18;-0.02;4.71481651e-1;5.78133047e-1;6.20921135e-1;5.84469318e-1;5.45242727e-1;5.33762574e-1;5.35174251e-1;5.59509754e-1;6.84548676e-1;9.20582831e-1;1.14706910e+0;1.23731709e+0;1.22413361e+0;1.17804503e+0;1.13009715e+0;1.08739436e+0;1.05566466e+0;1.03509855e+0;1.02254915e+0;1.01034582e+0;9.99748588e-1;9.88908052e-1;9.80237424e-1;9.68635440e-1;9.64050114e-1;9.64737117e-1;9.61290181e-1;9.57763314e-1;9.54769135e-1;9.52074111e-1;9.47350264e-1
54;"-";"MASTER";"-";"OPTI14";Scan;"-";"-";"-";Nix Spectro 2;"-";Mon Nov 24 2025 16:20:05 GMT+0000 (Coordinated Universal Time);D65;10;M2;1.00997882e+2;-2.03831360e+1;4.01510942e+1;1.00997882e+2;4.50286864e+1;1.16915119e+2;8.59536370e-1;1.02602994e+0;5.65722168e-1;247;255;178;#f7ffb2;T;0.02;-0.06;0.23;-0.01;4.46292192e-1;5.25434554e-1;5.50703526e-1;5.10477662e-1;4.66387779e-1;4.50878024e-1;4.53814000e-1;4.80086952e-1;6.06833220e-1;8.61274838e-1;1.12667191e+0;1.24609876e+0;1.24105108e+0;1.19083309e+0;1.13219178e+0;1.08115745e+0;1.04374838e+0;1.02031541e+0;1.00489426e+0;9.89358783e-1;9.75619376e-1;9.61817145e-1;9.50358272e-1;9.37562525e-1;9.31611300e-1;9.30881143e-1;9.28476632e-1;9.26426470e-1;9.24560428e-1;9.23327088e-1;9.20956135e-1
55;"-";"MASTER";"-";"OPTI14H";Scan;"-";"-";"-";Nix Spectro 2;"-";Mon Nov 24 2025 16:20:18 GMT+0000 (Coordinated Universal Time);D65;10;M2;1.01347446e+2;-2.32167184e+1;4.76416571e+1;1.01347446e+2;5.29975802e+1;1.15980887e+2;8.52485531e-1;1.03525410e+0;4.96410855e-1;246;255;163;#f6ffa3;T;0.02;-0.07;0.27;-0.02;4.15293485e-1;4.77544904e-1;4.86760557e-1;4.40779448e-1;3.95710498e-1;3.79230767e-1;3.81043226e-1;4.08139110e-1;5.42473793e-1;8.23862970e-1;1.13488603e+0;1.28546989e+0;1.28718114e+0;1.23110473e+0;1.16123092e+0;1.10107791e+0;1.05770874e+0;1.02980900e+0;1.01131487e+0;9.93217707e-1;9.76738989e-1;9.60468113e-1;9.47830260e-1;9.34477627e-1;9.28313911e-1;9.28246796e-1;9.25504446e-1;9.23174858e-1;9.21869576e-1;9.20692325e-1;9.18298364e-1
56;"-";"MASTER";"-";"OPTI15";Scan;"-";"-";"-";Nix Spectro 2;"-";Mon Nov 24 2025 16:20:42 GMT+0000 (Coordinated Universal Time);D65;10;M2;9.99428346e+1;-1.85519579e+1;3.90683247e+1;9.99428346e+1;4.32493830e+1;1.15401141e+2;8.45142632e-1;9.98522313e-1;5.58023308e-1;246;255;177;#f6ffb1;T;0.02;-0.05;0.24;-0.00;4.34148878e-1;5.12873530e-1;5.40352464e-1;5.03202021e-1;4.62959677e-1;4.49781001e-1;4.51931149e-1;4.76301998e-1;5.96043706e-1;8.33740592e-1;1.07993793e+0;1.19087672e+0;1.18868434e+0;1.14605987e+0;1.09516215e+0;1.05011284e+0;1.01738155e+0;9.97777462e-1;9.85311091e-1;9.73289490e-1;9.62690890e-1;9.51950073e-1;9.43168879e-1;9.32402909e-1;9.28076565e-1;9.29445505e-1;9.26588356e-1;9.23524618e-1;9.21061456e-1;9.18979287e-1;9.15861249e-1
57;"-";"MASTER";"-";"OPTI11";Scan;"-";"-";"-";Nix Spectro 2;"-";Tue Nov 25 2025 16:05:27 GMT+0000 (Coordinated Universal Time);D65;10;M2;1.01018338e+2;-2.11069407e+1;3.90945841e+1;1.01018338e+2;4.44284757e+1;1.18364355e+2;8.56153782e-1;1.02656820e+0;5.77268165e-1;244;255;180;#f4ffb4;T;0.02;-0.06;0.22;-0.01;4.37097192e-1;5.28187215e-1;5.55754542e-1;5.17410576e-1;4.77148771e-1;4.62574959e-1;4.64997590e-1;4.93450969e-1;6.24851644e-1;8.79542351e-1;1.13711214e+0;1.24889863e+0;1.24196756e+0;1.19301009e+0;1.13567007e+0;1.08442020e+0;1.04597175e+0;1.02119350e+0;1.00408721e+0;9.85812306e-1;9.67545271e-1;9.48525608e-1;9.33037937e-1;9.18119848e-1;9.10505652e-1;9.07710075e-1;9.03428078e-1;9.01442349e-1;9.01260257e-1;9.01232958e-1;9.00093377e-1
58;"-";"MASTER";"-";"OPTI11H";Scan;"-";"-";"-";Nix Spectro 2;"-";Tue Nov 25 2025 16:05:53 GMT+0000 (Coordinated Universal Time);D65;10;M2;1.01153419e+2;-2.57896048e+1;4.95416358e+1;1.01153419e+2;5.58522819e+1;1.17499874e+2;8.34546000e-1;1.03012739e+0;4.75206883e-1;242;255;159;#f2ff9f;T;0.03;-0.08;0.29;-0.02;3.84757549e-1;4.52405185e-1;4.57996279e-1;4.15419757e-1;3.75859678e-1;3.60250235e-1;3.60861331e-1;3.88509303e-1;5.24927080e-1;8.11721802e-1;1.13445866e+0;1.29588604e+0;1.30266619e+0;1.24608314e+0;1.17296028e+0;1.10901761e+0;1.06020892e+0;1.02710700e+0;1.00328398e+0;9.78024721e-1;9.52315986e-1;9.26292479e-1;9.05963361e-1;8.88400018e-1;8.78698289e-1;8.73638332e-1;8.69194031e-1;8.68605673e-1;8.70849252e-1;8.72475863e-1;8.73110235e-1
59;"-";"MASTER";"-";"OPTI12";Scan;"-";"-";"-";Nix Spectro 2;"-";Tue Nov 25 2025 16:06:25 GMT+0000 (Coordinated Universal Time);D65;10;M2;1.00084907e+2;-2.41538086e+1;4.13281956e+1;1.00084907e+2;4.78688439e+1;1.20303680e+2;8.19125008e-1;1.00219748e+0;5.37312199e-1;237;255;173;#edffad;T;0.05;-0.06;0.25;-0.00;4.07036006e-1;4.90956187e-1;5.11915267e-1;4.74446356e-1;4.37922239e-1;4.25689697e-1;4.27631229e-1;4.55613792e-1;5.87955713e-1;8.49812984e-1;1.12354279e+0;1.24756348e+0;1.24265873e+0;1.19085693e+0;1.12838626e+0;1.07118797e+0;1.02623594e+0;9.96013761e-1;9.72983360e-1;9.47550237e-1;9.20448303e-1;8.93060446e-1;8.71755481e-1;8.54167938e-1;8.44117701e-1;8.38796735e-1;8.33428621e-1;8.32344234e-1;8.35338116e-1;8.38084280e-1;8.40270698e-1
60;"-";"MASTER";"-";"OPTI12H";Scan;"-";"-";"-";Nix Spectro 2;"-";Tue Nov 25 2025 16:06:43 GMT+0000 (Coordinated Universal Time);D65;10;M2;1.00096158e+2;-2.73849008e+1;4.75923302e+1;1.00096158e+2;5.49086759e+1;1.19916370e+2;8.02811527e-1;1.00248892e+0;4.76390302e-1;234;255;160;#eaffa0;T;0.06;-0.07;0.29;-0.00;3.79462212e-1;4.48010862e-1;4.55596983e-1;4.14503604e-1;3.76274675e-1;3.62143785e-1;3.64668339e-1;3.93864959e-1;5.30101001e-1;8.12335074e-1;1.12503970e+0;1.27831018e+0;1.28102422e+0;1.22384608e+0;1.15012407e+0;1.08323514e+0;1.03117049e+0;9.95413363e-1;9.67757285e-1;9.37996387e-1;9.05976772e-1;8.74206364e-1;8.50023091e-1;8.30817342e-1;8.19365263e-1;8.12580824e-1;8.07056427e-1;8.06100488e-1;8.09656560e-1;8.13439369e-1;8.17352355e-1
61;"-";"MASTER";"-";"OPTI13";Scan;"-";"-";"-";Nix Spectro 2;"-";Tue Nov 25 2025 16:07:27 GMT+0000 (Coordinated Universal Time);D65;10;M2;9.89804680e+1;-2.53701351e+1;3.96554127e+1;9.89804680e+1;4.70764858e+1;1.22609680e+2;7.88668477e-1;9.73863858e-1;5.34966781e-1;230;255;173;#e6ffad;T;0.07;-0.05;0.25;0.01;3.94146383e-1;4.81411815e-1;5.04890501e-1;4.70723182e-1;4.37218457e-1;4.26859200e-1;4.30383742e-1;4.58870769e-1;5.84861040e-1;8.33144069e-1;1.09608901e+0;1.21859515e+0;1.21677387e+0;1.16813827e+0;1.10628963e+0;1.04886413e+0;1.00241590e+0;9.68883455e-1;9.41925883e-1;9.11925733e-1;8.77434969e-1;8.42480242e-1;8.15289497e-1;7.95085728e-1;7.82554686e-1;7.74908841e-1;7.70415843e-1;7.72314787e-1;7.78360486e-1;7.83582151e-1;7.90163279e-1
62;"-";"MASTER";"-";"OPTI13H";Scan;"-";"-";"-";Nix Spectro 2;"-";Tue Nov 25 2025 16:07:58 GMT+0000 (Coordinated Universal Time);D65;10;M2;9.92218502e+1;-2.80231271e+1;4.58795542e+1;9.92218502e+1;5.37608514e+1;1.21416490e+2;7.80582659e-1;9.80010133e-1;4.78316407e-1;229;255;161;#e5ffa1;T;0.07;-0.06;0.29;0.01;3.74298453e-1;4.45438802e-1;4.55332160e-1;4.15665299e-1;3.79203856e-1;3.66199523e-1;3.68914276e-1;3.98747742e-1;5.33822119e-1;8.07613671e-1;1.10717189e+0;1.25225580e+0;1.25362909e+0;1.19953179e+0;1.12926495e+0;1.06381857e+0;1.01179898e+0;9.74183857e-1;9.43930984e-1;9.11345840e-1;8.74538183e-1;8.37794304e-1;8.10065150e-1;7.89437771e-1;7.76760280e-1;7.68211901e-1;7.62168229e-1;7.63319969e-1;7.70072162e-1;7.75887847e-1;7.81856120e-1
63;"-";"MASTER";"-";"OPTI16";Scan;"-";"-";"-";Nix Spectro 2;"-";Tue Nov 25 2025 16:10:49 GMT+0000 (Coordinated Universal Time);D65;10;M2;9.99952727e+1;-1.75333500e+1;3.62160578e+1;9.99952727e+1;4.02370626e+1;1.15833106e+2;8.51717525e-1;9.99877747e-1;5.89216699e-1;247;255;183;#f7ffb7;T;0.02;-0.04;0.22;-0.00;4.41291720e-1;5.38879991e-1;5.68296611e-1;5.31002045e-1;4.94658619e-1;4.82421815e-1;4.82699186e-1;5.07147431e-1;6.27738118e-1;8.57583463e-1;1.08625090e+0;1.18413699e+0;1.17770493e+0;1.13572025e+0;1.08866560e+0;1.04684138e+0;1.01577044e+0;9.96999323e-1;9.85059798e-1;9.74180162e-1;9.65580344e-1;9.56861913e-1;9.49706137e-1;9.39605534e-1;9.35790241e-1;9.37244594e-1;9.34978187e-1;9.32860613e-1;9.30993080e-1;9.29476440e-1;9.26749170e-1
64;"-";"MASTER";"-";"OPTI16H";Scan;"-";"-";"-";Nix Spectro 2;"-";Tue Nov 25 2025 16:11:36 GMT+0000 (Coordinated Universal Time);D65;10;M2;9.89388672e+1;-1.91893059e+1;4.16233235e+1;9.89388672e+1;4.58337268e+1;1.14750784e+2;8.19252346e-1;9.72807186e-1;5.14589968e-1;244;255;169;#f4ffa9;T;0.03;-0.04;0.27;0.01;4.12010163e-1;4.85662431e-1;5.01403511e-1;4.61856037e-1;4.23123300e-1;4.09109175e-1;4.09329563e-1;4.32741046e-1;5.50964117e-1;7.90657520e-1;1.04866159e+0;1.17103636e+0;1.17172122e+0;1.12678623e+0;1.07271361e+0;1.02648914e+0;9.91995513e-1;9.71182048e-1;9.57901537e-1;9.46361721e-1;9.36688542e-1;9.27246332e-1;9.20756578e-1;9.11487401e-1;9.08479691e-1;9.10263956e-1;9.08824027e-1;9.07240927e-1;9.05784547e-1;9.05247331e-1;9.03796792e-1
65;"-";"MASTER";"-";"OPTI17";Scan;"-";"-";"-";Nix Spectro 2;"-";Tue Nov 25 2025 16:12:04 GMT+0000 (Coordinated Universal Time);D65;10;M2;9.81202949e+1;-2.35652230e+1;6.02245951e+1;9.81202949e+1;6.46708712e+1;1.11369861e+2;7.79133508e-1;9.52170425e-1;3.41392096e-1;242;255;128;#f2ff80;T;0.04;-0.03;0.40;0.01;2.04278752e-1;2.57066995e-1;2.66645759e-1;2.53086716e-1;2.39722893e-1;2.36534148e-1;2.56579638e-1;3.11560035e-1;4.55314547e-1;7.11579442e-1;9.86893773e-1;1.12731254e+0;1.14846611e+0;1.12128139e+0;1.07923257e+0;1.03893411e+0;1.00745547e+0;9.85780478e-1;9.68240976e-1;9.48409796e-1;9.25262213e-1;9.00358975e-1;8.80281508e-1;8.63345027e-1;8.53711545e-1;8.49288881e-1;8.44502807e-1;8.43763173e-1;8.46979856e-1;8.49996984e-1;8.52938056e-1
66;"-";"MASTER";"-";"OPTI17H";Scan;"-";"-";"-";Nix Spectro 2;"-";Tue Nov 25 2025 16:12:22 GMT+0000 (Coordinated Universal Time);D65;10;M2;9.79327496e+1;-2.55337114e+1;6.77561800e+1;9.79327496e+1;7.24076677e+1;1.10648766e+2;7.65356427e-1;9.47483745e-1;2.85795234e-1;241;255;110;#f1ff6e;T;0.05;-0.04;0.46;0.01;1.70050785e-1;2.11462125e-1;2.14855298e-1;2.01210454e-1;1.88825056e-1;1.84793204e-1;2.02140063e-1;2.52228826e-1;3.91267091e-1;6.58421576e-1;9.66636479e-1;1.13566184e+0;1.16815853e+0;1.14054632e+0;1.09251547e+0;1.04663587e+0;1.01009357e+0;9.84636486e-1;9.64469016e-1;9.41438615e-1;9.14885759e-1;8.87405038e-1;8.65174115e-1;8.47432792e-1;8.36960971e-1;8.31364214e-1;8.25616658e-1;8.25506032e-1;8.30258548e-1;8.34323585e-1;8.38282466e-1
67;"-";"MASTER";"-";"OPTI19";Scan;"-";"-";"-";Nix Spectro 2;"-";Tue Nov 25 2025 16:13:00 GMT+0000 (Coordinated Universal Time);D65;10;M2;9.72179809e+1;-2.24552480e+1;6.02187568e+1;9.72179809e+1;6.42692526e+1;1.10450213e+2;7.65344412e-1;9.29762977e-1;3.29897604e-1;242;255;125;#f2ff7d;T;0.05;-0.02;0.42;0.02;1.94700390e-1;2.44563490e-1;2.53504992e-1;2.41576776e-1;2.30187818e-1;2.28012815e-1;2.49021962e-1;3.04917395e-1;4.45222467e-1;6.90520585e-1;9.52726603e-1;1.08699930e+0;1.10929668e+0;1.08662224e+0;1.05022264e+0;1.01427364e+0;9.85717118e-1;9.66427386e-1;9.50961173e-1;9.33773637e-1;9.12931859e-1;8.90256822e-1;8.72004390e-1;8.56121778e-1;8.47212136e-1;8.42658460e-1;8.38432074e-1;8.39065254e-1;8.43186557e-1;8.46377969e-1;8.49094033e-1
68;"-";"MASTER";"-";"OPTI19H";Scan;"-";"-";"-";Nix Spectro 2;"-";Tue Nov 25 2025 16:13:20 GMT+0000 (Coordinated Universal Time);D65;10;M2;9.63079067e+1;-2.40978989e+1;6.68292851e+1;9.63079067e+1;7.10412702e+1;1.09828741e+2;7.38223649e-1;9.07521724e-1;2.73486213e-1;239;255;108;#efff6c;T;0.06;-0.02;0.48;0.03;1.64164230e-1;2.01092944e-1;2.04797566e-1;1.93172961e-1;1.81050450e-1;1.76997200e-1;1.94350794e-1;2.43198112e-1;3.75635087e-1;6.25839055e-1;9.14884031e-1;1.07513046e+0;1.10754013e+0;1.08441663e+0;1.04261529e+0;1.00175691e+0;9.68336225e-1;9.45434093e-1;9.27807987e-1;9.09331262e-1;8.86309862e-1;8.61308396e-1;8.41693699e-1;8.25701058e-1;8.16700518e-1;8.12039495e-1;8.07933211e-1;8.09217393e-1;8.13942015e-1;8.17848206e-1;8.21791530e-1
69;"-";"MASTER";"-";"OPTI20";Scan;"-";"-";"-";Nix Spectro 2;"-";Tue Nov 25 2025 16:13:43 GMT+0000 (Coordinated Universal Time);D65;10;M2;9.72258224e+1;-2.48674817e+1;6.62782342e+1;9.72258224e+1;7.07898013e+1;1.10566006e+2;7.53674186e-1;9.29956178e-1;2.87525122e-1;240;255;111;#f0ff6f;T;0.06;-0.03;0.46;0.02;1.71372518e-1;2.11422622e-1;2.15262070e-1;2.03075081e-1;1.90990254e-1;1.87025040e-1;2.06056342e-1;2.58626193e-1;3.96458834e-1;6.52135193e-1;9.44689572e-1;1.10632062e+0;1.13817251e+0;1.11257577e+0;1.06841218e+0;1.02656651e+0;9.92697477e-1;9.69123542e-1;9.50376391e-1;9.28866386e-1;9.02251124e-1;8.73454571e-1;8.50479007e-1;8.32067728e-1;8.21110368e-1;8.15194368e-1;8.11783671e-1;8.13789725e-1;8.19730461e-1;8.25442135e-1;8.31593513e-1
70;"-";"MASTER";"-";"OPTI20H";Scan;"-";"-";"-";Nix Spectro 2;"-";Tue Nov 25 2025 16:14:02 GMT+0000 (Coordinated Universal Time);D65;10;M2;9.64004034e+1;-2.69349484e+1;7.47595113e+1;9.64004034e+1;7.94636771e+1;1.09813479e+2;7.26545988e-1;9.09765874e-1;2.26225812e-1;237;255;88;#edff58;T;0.07;-0.02;0.54;0.03;1.34495378e-1;1.62206888e-1;1.59557953e-1;1.47672713e-1;1.37558579e-1;1.33149818e-1;1.47885710e-1;1.92533344e-1;3.20469111e-1;5.80006421e-1;9.02904570e-1;1.09625673e+0;1.14299810e+0;1.11874485e+0;1.06760454e+0;1.01901126e+0;9.79617834e-1;9.52141106e-1;9.29862201e-1;9.04825449e-1;8.74632418e-1;8.42903852e-1;8.18097055e-1;7.99152434e-1;7.87648141e-1;7.80870259e-1;7.77341008e-1;7.80585468e-1;7.88010657e-1;7.94083297e-1;8.00447702e-1
71;"-";"MASTER";"-";"OPTI15";Scan;"-";"-";"-";Nix Spectro 2;"-";Tue Nov 25 2025 16:14:33 GMT+0000 (Coordinated Universal Time);D65;10;M2;1.00339724e+2;-1.86025151e+1;3.73551874e+1;1.00339724e+2;4.17308470e+1;1.16472852e+2;8.53920212e-1;1.00881172e+0;5.83351345e-1;246;255;182;#f6ffb6;T;0.02;-0.05;0.22;-0.01;4.48124290e-1;5.36293209e-1;5.63152254e-1;5.24932683e-1;4.87214565e-1;4.74815816e-1;4.75715905e-1;4.99951392e-1;6.20947897e-1;8.58842790e-1;1.10145664e+0;1.20744586e+0;1.20089269e+0;1.15548277e+0;1.10448384e+0;1.05836308e+0;1.02451766e+0;1.00445700e+0;9.91037965e-1;9.78157878e-1;9.67372477e-1;9.56683338e-1;9.48104620e-1;9.37017977e-1;9.32404697e-1;9.33083773e-1;9.30140972e-1;9.27257419e-1;9.25168276e-1;9.23229277e-1;9.20058608e-1
72;"-";"MASTER";"-";"OPTI15H";Scan;"-";"-";"-";Nix Spectro 2;"-";Tue Nov 25 2025 16:15:07 GMT+0000 (Coordinated Universal Time);D65;10;M2;1.00015852e+2;-2.03534660e+1;4.27216774e+1;1.00015852e+2;4.73223551e+1;1.15474069e+2;8.37333059e-1;1.00041003e+0;5.22106290e-1;245;255;170;#f5ffaa;T;0.02;-0.05;0.26;-0.01;4.17162001e-1;4.91821200e-1;5.06551087e-1;4.66183275e-1;4.26946431e-1;4.12185669e-1;4.12659973e-1;4.38302130e-1;5.64606905e-1;8.18838656e-1;1.08808112e+0;1.21271110e+0;1.21187890e+0;1.16462541e+0;1.10751760e+0;1.05757284e+0;1.02070618e+0;9.98052180e-1;9.83090103e-1;9.69038785e-1;9.56913471e-1;9.44929004e-1;9.35534775e-1;9.24320877e-1;9.19633031e-1;9.20068324e-1;9.17581975e-1;9.15843427e-1;9.14630353e-1;9.13277984e-1;9.10477638e-1
73;"-";"MASTER";"-";"OPTI18";Scan;"-";"-";"-";Nix Spectro 2;"-";Tue Nov 25 2025 16:23:58 GMT+0000 (Coordinated Universal Time);D65;10;M2;9.82483468e+1;-1.94859799e+1;6.12025883e+1;9.82483468e+1;6.42297457e+1;1.07660690e+2;8.02476631e-1;9.55379252e-1;3.35743506e-1;251;255;126;#fbff7e;T;0.02;-0.03;0.41;0.00;2.04473436e-1;2.55236357e-1;2.64216304e-1;2.51414001e-1;2.37427890e-1;2.33227119e-1;2.52501220e-1;3.05952728e-1;4.44777012e-1;6.91913545e-1;9.59356248e-1;1.09795237e+0;1.12146437e+0;1.09782326e+0;1.06145585e+0;1.02878749e+0;1.00527430e+0;9.91268158e-1;9.82262790e-1;9.73719060e-1;9.66481566e-1;9.58164334e-1;9.50667500e-1;9.40208554e-1;9.35992837e-1;9.37394202e-1;9.35871720e-1;9.33913469e-1;9.32309091e-1;9.31305408e-1;9.28880215e-1
74;"-";"MASTER";"-";"OPTI18H";Scan;"-";"-";"-";Nix Spectro 2;"-";Tue Nov 25 2025 16:24:40 GMT+0000 (Coordinated Universal Time);D65;10;M2;9.81137512e+1;-2.07465884e+1;7.00082266e+1;9.81137512e+1;7.30176193e+1;1.06506927e+2;7.93143401e-1;9.52006643e-1;2.73063172e-1;252;255;105;#fcff69;T;0.02;-0.03;0.48;0.00;1.64692938e-1;2.01885924e-1;2.03605548e-1;1.91623375e-1;1.79764196e-1;1.74653918e-1;1.91052809e-1;2.40292639e-1;3.76300275e-1;6.36035860e-1;9.36870039e-1;1.10315084e+0;1.13663876e+0;1.11247492e+0;1.07152259e+0;1.03498411e+0;1.00847530e+0;9.92337108e-1;9.82359171e-1;9.73205209e-1;9.65301871e-1;9.57378805e-1;9.51015770e-1;9.41434860e-1;9.38043594e-1;9.40263689e-1;9.38567162e-1;9.36582208e-1;9.34824049e-1;9.33478534e-1;9.30809796e-1
75;"-";"MASTER";"-";"T22A";Scan;"-";"-";"-";Nix Spectro 2;"-";Wed Nov 26 2025 10:06:20 GMT+0000 (Coordinated Universal Time);D65;10;M2;9.79896965e+1;-2.66339742e+1;6.60899369e+1;9.79896965e+1;7.12548128e+1;1.11949233e+2;7.61148373e-1;9.48905195e-1;2.97713462e-1;239;255;114;#efff72;T;0.06;-0.04;0.45;0.01;1.82081029e-1;2.23473176e-1;2.27257401e-1;2.14554831e-1;2.01704204e-1;1.97194844e-1;2.14910045e-1;2.63459533e-1;3.95350903e-1;6.54470980e-1;9.67339516e-1;1.14814723e+0;1.18599832e+0;1.15688133e+0;1.10396886e+0;1.05259097e+0;1.01134670e+0;9.82498109e-1;9.59210098e-1;9.32816446e-1;9.02363598e-1;8.70770872e-1;8.45641434e-1;8.25996578e-1;8.13939869e-1;8.06073666e-1;8.00408483e-1;8.01260233e-1;8.07072997e-1;8.12211215e-1;8.16927373e-1
76;"-";"MASTER";"-";"T22AH";Scan;"-";"-";"-";Nix Spectro 2;"-";Wed Nov 26 2025 10:06:41 GMT+0000 (Coordinated Universal Time);D65;10;M2;9.76352602e+1;-2.87092789e+1;7.45372352e+1;9.76352602e+1;7.98750407e+1;1.11065035e+2;7.43580655e-1;9.40081193e-1;2.39898606e-1;237;255;92;#edff5c;T;0.07;-0.04;0.52;0.02;1.44322664e-1;1.75296292e-1;1.74130827e-1;1.61301747e-1;1.49711818e-1;1.44713700e-1;1.58712640e-1;2.01278195e-1;3.27146143e-1;5.93963444e-1;9.39534366e-1;1.15251327e+0;1.20383477e+0;1.17419398e+0;1.11428225e+0;1.05674255e+0;1.00996006e+0;9.76475656e-1;9.49576259e-1;9.19826448e-1;8.86445880e-1;8.52375209e-1;8.26057017e-1;8.06211770e-1;7.94227123e-1;7.86617696e-1;7.80642569e-1;7.81234145e-1;7.87060559e-1;7.92347431e-1;7.97826588e-1
77;"-";"MASTER";"-";"F052A";Scan;"-";"-";"-";Nix Spectro 2;"-";Wed Nov 26 2025 10:20:28 GMT+0000 (Coordinated Universal Time);D65;10;M2;9.93104521e+1;-2.02931220e+1;6.17297136e+1;9.93104521e+1;6.49797533e+1;1.08197843e+2;8.21824295e-1;9.82272662e-1;3.45510795e-1;253;255;128;#fdff80;T;0.01;-0.04;0.40;-0.01;2.22504720e-1;2.69582838e-1;2.77362883e-1;2.63363659e-1;2.48593628e-1;2.44030446e-1;2.60913581e-1;3.08775932e-1;4.39765751e-1;6.88800633e-1;9.78448808e-1;1.14021909e+0;1.17224312e+0;1.14561260e+0;1.10137331e+0;1.06085098e+0;1.03185618e+0;1.01441145e+0;1.00332260e+0;9.92784917e-1;9.84348059e-1;9.75856006e-1;9.69108641e-1;9.58900034e-1;9.55291986e-1;9.56658244e-1;9.54934001e-1;9.52831864e-1;9.50346768e-1;9.48663056e-1;9.45556045e-1
78;"-";"MASTER";"-";"F052AH";Scan;"-";"-";"-";Nix Spectro 2;"-";Wed Nov 26 2025 10:20:44 GMT+0000 (Coordinated Universal Time);D65;10;M2;9.89429586e+1;-2.10586075e+1;6.78146180e+1;9.89429586e+1;7.10090654e+1;1.07251240e+2;8.09733397e-1;9.72911074e-1;2.97158345e-1;253;255;113;#fdff71;T;0.01;-0.04;0.46;-0.01;1.88283727e-1;2.28854358e-1;2.32566997e-1;2.18907550e-1;2.04625949e-1;1.99291214e-1;2.14340895e-1;2.58752793e-1;3.85795534e-1;6.39787853e-1;9.50313032e-1;1.13262737e+0;1.17429733e+0;1.14907980e+0;1.10196209e+0;1.05881000e+0;1.02774394e+0;1.00904024e+0;9.97201681e-1;9.86450016e-1;9.78061378e-1;9.69687879e-1;9.62688684e-1;9.52526808e-1;9.48700011e-1;9.50455189e-1;9.48998749e-1;9.47201073e-1;9.45236027e-1;9.43994820e-1;9.41509426e-1
79;"-";"Flx 12.C light";"-";"BiVaO1";Scan;"-";"-";"-";Nix Spectro 2;"-";Mon Nov 17 2025 15:07:17 GMT+0000 (Coordinated Universal Time);D65;10;M2;9.91698736e+1;-5.44365978e+0;1.52821987e+1;9.91698736e+1;1.62227935e+1;1.09606367e+2;8.97708562e-1;9.78684485e-1;8.25881441e-1;254;255;223;#feffdf;undefined;-;-;-;-;4.50109730e-1;5.97956121e-1;7.01643129e-1;7.18963385e-1;7.20460216e-1;7.34823604e-1;7.71778723e-1;8.29185466e-1;8.99387022e-1;9.54253634e-1;9.82306461e-1;9.91492728e-1;9.94952122e-1;9.93522922e-1;9.95985170e-1;9.94418085e-1;9.92983123e-1;9.93929923e-1;9.96230880e-1;9.97960448e-1;9.98750289e-1;9.96675869e-1;9.93635376e-1;9.84977861e-1;9.82571562e-1;9.85325476e-1;9.84650354e-1;9.82697765e-1;9.79513685e-1;9.77174322e-1;9.73454297e-1
80;"-";"Flx 12.C light";"-";"BiVaO2";Scan;"-";"-";"-";Nix Spectro 2;"-";Mon Nov 17 2025 15:07:55 GMT+0000 (Coordinated Universal Time);D65;10;M2;9.89649060e+1;-7.47841071e+0;2.26071585e+1;9.89649060e+1;2.38119769e+1;1.08304130e+2;8.81796357e-1;9.73468489e-1;7.26373973e-1;255;255;208;#ffffd0;undefined;-;-;-;-;3.84338558e-1;5.14069537e-1;5.96891065e-1;6.09908581e-1;6.09826446e-1;6.23962283e-1;6.69340134e-1;7.46808112e-1;8.47401539e-1;9.31056539e-1;9.76604164e-1;9.91620799e-1;9.96599178e-1;9.96129672e-1;9.98873472e-1;9.96918619e-1;9.95337208e-1;9.96473809e-1;9.98993735e-1;1.00079123e+0;1.00158528e+0;9.99574939e-1;9.96560196e-1;9.88058190e-1;9.85792875e-1;9.89547014e-1;9.88983909e-1;9.86897628e-1;9.83843605e-1;9.81348912e-1;9.77720300e-1
81;"-";"Flx 12.C light";"-";"BiVaO5";Scan;"-";"-";"-";Nix Spectro 2;"-";Mon Nov 17 2025 15:08:24 GMT+0000 (Coordinated Universal Time);D65;10;M2;9.82742600e+1;-1.08401384e+1;3.79838177e+1;9.82742600e+1;3.95003672e+1;1.05928128e+2;8.47883798e-1;9.56029482e-1;5.39574381e-1;255;254;175;#fffeaf;undefined;-;-;-;-;2.70182123e-1;3.63531321e-1;4.12182937e-1;4.17816083e-1;4.14066106e-1;4.23433413e-1;4.74647284e-1;5.74625393e-1;7.22031017e-1;8.62532278e-1;9.49964702e-1;9.82485791e-1;9.93206084e-1;9.94660914e-1;9.97510950e-1;9.95831688e-1;9.94454722e-1;9.95665987e-1;9.98408755e-1;1.00014224e+0;1.00087969e+0;9.99125282e-1;9.96430874e-1;9.88017917e-1;9.85839625e-1;9.89020169e-1;9.88595148e-1;9.86899873e-1;9.83797232e-1;9.81205185e-1;9.77093736e-1
82;"-";"Flx 12.C light";"-";"BiVaO10";Scan;"-";"-";"-";Nix Spectro 2;"-";Mon Nov 17 2025 15:09:00 GMT+0000 (Coordinated Universal Time);D65;10;M2;9.71523557e+1;-1.42500715e+1;6.55808609e+1;9.71523557e+1;6.71112051e+1;1.02259236e+2;8.05084606e-1;9.28147143e-1;2.91359964e-1;255;252;114;#fffc72;undefined;-;-;-;-;1.17010564e-1;1.59267768e-1;1.73709606e-1;1.77072912e-1;1.76820353e-1;1.79078942e-1;2.19509264e-1;3.16826572e-1;4.98050402e-1;7.15208789e-1;8.83423328e-1;9.58660901e-1;9.85370934e-1;9.92504517e-1;9.96503393e-1;9.95599727e-1;9.94358202e-1;9.95303214e-1;9.98163303e-1;1.00072775e+0;1.00253773e+0;1.00132056e+0;9.98723884e-1;9.90395844e-1;9.88278945e-1;9.91982838e-1;9.92097656e-1;9.90622997e-1;9.87810552e-1;9.85829572e-1;9.82771575e-1
83;"-";"Flx 12.C light";"-";"BiVaO20";Scan;"-";"-";"-";Nix Spectro 2;"-";Mon Nov 17 2025 15:09:31 GMT+0000 (Coordinated Universal Time);D65;10;M2;9.62962558e+1;-1.45485629e+1;9.23509713e+1;9.62962558e+1;9.34899063e+1;9.89525473e+1;7.84909328e-1;9.07239314e-1;1.39277729e-1;255;249;21;#fff915;undefined;-;-;-;-;2.94094663e-2;4.28337753e-2;4.57797013e-2;4.93244591e-2;4.92024471e-2;4.71397030e-2;7.13132322e-2;1.37861118e-1;2.97393103e-1;5.44089476e-1;7.87466009e-1;9.21460768e-1;9.76130128e-1;9.94053165e-1;1.00039822e+0;1.00046422e+0;1.00046978e+0;1.00258474e+0;1.00589184e+0;1.00820343e+0;1.00992433e+0;1.00885705e+0;1.00647207e+0;9.98246690e-1;9.96314426e-1;1.00072181e+0;1.00135263e+0;1.00040803e+0;9.97806569e-1;9.95681922e-1;9.92841303e-1
84;"-";"Flx 12.C light";"-";"GXT25";Scan;"-";"-";"-";Nix Spectro 2;"-";Mon Nov 17 2025 15:10:08 GMT+0000 (Coordinated Universal Time);D65;10;M2;1.02663840e+2;-2.26113844e+1;5.17933454e+1;1.02663840e+2;5.65139392e+1;1.13584604e+2;8.86197864e-1;1.07048658e+0;4.78510608e-1;254;255;158;#feff9e;undefined;-;-;-;-;3.94092848e-1;4.61257438e-1;4.68450248e-1;4.22230124e-1;3.77230376e-1;3.60188633e-1;3.62248083e-1;3.90471985e-1;5.26112437e-1;8.13282073e-1;1.13994563e+0;1.30771796e+0;1.32237351e+0;1.27192982e+0;1.20398426e+0;1.14415006e+0;1.10047714e+0;1.07346904e+0;1.05703739e+0;1.03984817e+0;1.02570307e+0;1.01236049e+0;1.00238872e+0;9.89838978e-1;9.85027452e-1;9.86619810e-1;9.85277335e-1;9.83190656e-1;9.80262299e-1;9.77499147e-1;9.73359187e-1
85;"-";"Flx 12.C light";"-";"GXT20";Scan;"-";"-";"-";Nix Spectro 2;"-";Mon Nov 17 2025 15:10:41 GMT+0000 (Coordinated Universal Time);D65;10;M2;1.02178204e+2;-1.96440349e+1;4.15367908e+1;1.02178204e+2;4.59477213e+1;1.15310917e+2;8.90959877e-1;1.05739727e+0;5.72570461e-1;252;255;178;#fcffb2;undefined;-;-;-;-;4.39642260e-1;5.28084338e-1;5.54440200e-1;5.13906995e-1;4.70815321e-1;4.55859234e-1;4.59285865e-1;4.87446368e-1;6.18154784e-1;8.77422909e-1;1.14653862e+0;1.26823525e+0;1.26661821e+0;1.21982475e+0;1.16414062e+0;1.11411989e+0;1.07763529e+0;1.05553424e+0;1.04231973e+0;1.02858285e+0;1.01709759e+0;1.00540352e+0;9.96323367e-1;9.84450102e-1;9.80085095e-1;9.82154687e-1;9.80676790e-1;9.78229105e-1;9.75206633e-1;9.72624560e-1;9.68910336e-1
86;"-";"Flx 12.C light";"-";"GXT15";Scan;"-";"-";"-";Nix Spectro 2;"-";Mon Nov 17 2025 15:11:11 GMT+0000 (Coordinated Universal Time);D65;10;M2;1.02003048e+2;-1.92999676e+1;4.08202034e+1;1.02003048e+2;4.51528266e+1;1.15304986e+2;8.88719121e-1;1.05270264e+0;5.76971784e-1;252;255;179;#fcffb3;undefined;-;-;-;-;4.33916360e-1;5.28092424e-1;5.57885448e-1;5.18224259e-1;4.75634754e-1;4.61425642e-1;4.65023081e-1;4.92997855e-1;6.22464895e-1;8.76947681e-1;1.13925389e+0;1.25769122e+0;1.25649103e+0;1.21118204e+0;1.15710028e+0;1.10870560e+0;1.07327195e+0;1.05181301e+0;1.03893252e+0;1.02531385e+0;1.01398901e+0;1.00242301e+0;9.93046761e-1;9.81088320e-1;9.76474106e-1;9.78494744e-1;9.76370672e-1;9.73325551e-1;9.70580518e-1;9.68293746e-1;9.64165827e-1
87;"-";"Flx 12.C light";"-";"GXT10";Scan;"-";"-";"-";Nix Spectro 2;"-";Mon Nov 17 2025 15:11:40 GMT+0000 (Coordinated Universal Time);D65;10;M2;1.01503984e+2;-1.56681876e+1;3.09577886e+1;1.01503984e+2;3.46969275e+1;1.16844636e+2;8.96810886e-1;1.03940262e+0;6.78181075e-1;252;255;198;#fcffc6;undefined;-;-;-;-;4.73860592e-1;5.91963748e-1;6.46853507e-1;6.16520484e-1;5.79242170e-1;5.68910996e-1;5.72986106e-1;5.98280986e-1;7.15100308e-1;9.29714640e-1;1.12986135e+0;1.20728795e+0;1.19637942e+0;1.15777278e+0;1.11701194e+0;1.07980188e+0;1.05246452e+0;1.03611016e+0;1.02680882e+0;1.01692772e+0;1.00837020e+0;9.98902957e-1;9.90955015e-1;9.79566634e-1;9.75283106e-1;9.76849675e-1;9.74998335e-1;9.72225269e-1;9.69196538e-1;9.66526190e-1;9.62419212e-1
88;"-";"Flx 12.C light";"-";"GXT5";Scan;"-";"-";"-";Nix Spectro 2;"-";Mon Nov 17 2025 15:12:10 GMT+0000 (Coordinated Universal Time);D65;10;M2;1.00674370e+2;-1.05893972e+1;1.95057025e+1;1.00674370e+2;2.21947688e+1;1.18496971e+2;9.05074210e-1;1.01754219e+0;8.04048726e-1;251;255;219;#fbffdb;undefined;-;-;-;-;5.12379567e-1;6.60122613e-1;7.50210186e-1;7.37481634e-1;7.12826232e-1;7.08640238e-1;7.13029504e-1;7.33534257e-1;8.21988444e-1;9.68941510e-1;1.08963263e+0;1.12772771e+0;1.11539006e+0;1.08907568e+0;1.06484429e+0;1.04112021e+0;1.02378428e+0;1.01424714e+0;1.00927103e+0;1.00363211e+0;9.98410900e-1;9.91711020e-1;9.85317091e-1;9.75122253e-1;9.71496503e-1;9.73953366e-1;9.72027123e-1;9.69146609e-1;9.66077367e-1;9.63363965e-1;9.59696750e-1
89;"-";"52B";"-";"F052B";Scan;"-";"-";"-";Nix Spectro 2;"-";Thu Nov 27 2025 17:00:43 GMT+0000 (Coordinated Universal Time);D65;10;M2;9.64445594e+1;-1.63940433e+1;4.99052660e+1;9.64445594e+1;5.25290417e+1;1.08185521e+2;7.78874917e-1;9.10838487e-1;4.00215264e-1;246;252;146;#f6fc92;T;0.04;0.00;0.36;0.03;2.55085081e-1;3.06469679e-1;3.24043274e-1;3.14871550e-1;3.01046103e-1;3.00867498e-1;3.26822668e-1;3.81993771e-1;5.03686488e-1;7.05982924e-1;9.16721404e-1;1.02304792e+0;1.03964937e+0;1.02106392e+0;9.93978620e-1;9.69099522e-1;9.50938106e-1;9.40449476e-1;9.33667600e-1;9.29318011e-1;9.25294995e-1;9.19982195e-1;9.15704966e-1;9.07316446e-1;9.04487133e-1;9.06033278e-1;9.03491139e-1;9.00957406e-1;8.99435520e-1;8.98087800e-1;8.95660281e-1
90;"-";"52B";"-";"F052BH";Scan;"-";"-";"-";Nix Spectro 2;"-";Mon Dec 01 2025 11:58:04 GMT+0000 (Coordinated Universal Time);D65;10;M2;9.50490257e+1;-1.64747468e+1;4.92152088e+1;9.50490257e+1;5.18994611e+1;1.08507923e+2;7.48851703e-1;8.77344766e-1;3.86073674e-1;242;248;143;#f2f88f;T;0.05;0.02;0.38;0.04;2.49931455e-1;3.02154243e-1;3.18999946e-1;3.08793634e-1;2.95376390e-1;2.94082046e-1;3.13581258e-1;3.60619187e-1;4.72307473e-1;6.65875435e-1;8.78428400e-1;9.91498411e-1;1.01159358e+0;9.93375421e-1;9.63348210e-1;9.35233295e-1;9.14980412e-1;9.03682649e-1;8.96016002e-1;8.91194403e-1;8.86482716e-1;8.81457448e-1;8.77687275e-1;8.70119452e-1;8.67431402e-1;8.68479431e-1;8.66850615e-1;8.64951670e-1;8.63462746e-1;8.62581551e-1;8.59372139e-1
91;"-";"52B";"-";"52C";Scan;"-";"-";"-";Nix Spectro 2;"-";Thu Nov 27 2025 17:00:57 GMT+0000 (Coordinated Universal Time);D65;10;M2;9.61361487e+1;-1.80237352e+1;5.89024940e+1;9.61361487e+1;6.15983671e+1;1.07013730e+2;7.64202978e-1;9.03364336e-1;3.25888998e-1;246;251;126;#f6fb7e;T;0.04;0.00;0.43;0.03;2.12768108e-1;2.54287302e-1;2.61788249e-1;2.49468297e-1;2.35143736e-1;2.31396198e-1;2.50127465e-1;2.97692776e-1;4.17039663e-1;6.36184514e-1;8.86488557e-1;1.02520061e+0;1.05517757e+0;1.03820074e+0;1.00495458e+0;9.73635495e-1;9.51419592e-1;9.38745201e-1;9.30559039e-1;9.24126506e-1;9.18454707e-1;9.12859380e-1;9.08244967e-1;9.00453508e-1;8.97980511e-1;9.00146484e-1;8.98054540e-1;8.96489084e-1;8.95722091e-1;8.94695997e-1;8.92140090e-1
92;"-";"52B";"-";"52D";Scan;"-";"-";"-";Nix Spectro 2;"-";Thu Nov 27 2025 17:01:16 GMT+0000 (Coordinated Universal Time);D65;10;M2;9.63851248e+1;-1.80335451e+1;5.76803049e+1;9.63851248e+1;6.04336522e+1;1.07361671e+2;7.69454077e-1;9.09394930e-1;3.38047164e-1;247;252;129;#f7fc81;T;0.04;-0.00;0.42;0.03;2.21360818e-1;2.63461769e-1;2.72578090e-1;2.59528875e-1;2.44748145e-1;2.42323771e-1;2.62024999e-1;3.10230434e-1;4.31517869e-1;6.52388752e-1;9.00322556e-1;1.03474164e+0;1.06116307e+0;1.04182386e+0;1.00890422e+0;9.78297710e-1;9.55717087e-1;9.42975819e-1;9.34751868e-1;9.28026557e-1;9.22310948e-1;9.16880965e-1;9.12707567e-1;9.04986441e-1;9.02631402e-1;9.05240595e-1;9.02932286e-1;9.00727212e-1;8.99452746e-1;8.98326576e-1;8.96060467e-1
93;"-";"52B";"-";"52E";Scan;"-";"-";"-";Nix Spectro 2;"-";Thu Nov 27 2025 17:01:30 GMT+0000 (Coordinated Universal Time);D65;10;M2;9.68015186e+1;-1.92850793e+1;6.33663814e+1;9.68015186e+1;6.62360369e+1;1.06927231e+2;7.72146097e-1;9.19540521e-1;3.02358906e-1;248;254;117;#f8fe75;T;0.03;-0.01;0.46;0.02;1.98116675e-1;2.33554557e-1;2.38201350e-1;2.24756777e-1;2.10519105e-1;2.07122326e-1;2.25492612e-1;2.72282720e-1;3.94593686e-1;6.27417922e-1;8.99749041e-1;1.05393565e+0;1.08834660e+0;1.06892908e+0;1.03110862e+0;9.95999634e-1;9.70817447e-1;9.56107259e-1;9.46168959e-1;9.38052237e-1;9.31605041e-1;9.25319195e-1;9.20359612e-1;9.12044644e-1;9.09305394e-1;9.11666989e-1;9.09443378e-1;9.07555759e-1;9.06314671e-1;9.04878914e-1;9.02174234e-1
94;"-";"52B";"-";"52F";Scan;"-";"-";"-";Nix Spectro 2;"-";Thu Nov 27 2025 17:01:44 GMT+0000 (Coordinated Universal Time);D65;10;M2;9.73259611e+1;-1.95848226e+1;6.10947557e+1;9.73259611e+1;6.41571075e+1;1.07774017e+2;7.81914484e-1;9.32425764e-1;3.24865677e-1;248;255;124;#f8ff7c;T;0.03;-0.02;0.43;0.01;2.10680172e-1;2.53108472e-1;2.59695828e-1;2.45652810e-1;2.30266929e-1;2.26098925e-1;2.44692221e-1;2.93867290e-1;4.21353459e-1;6.57777786e-1;9.27846074e-1;1.07642591e+0;1.10522044e+0;1.08166051e+0;1.04184651e+0;1.00605214e+0;9.80369627e-1;9.65157092e-1;9.55138564e-1;9.46603775e-1;9.39190388e-1;9.31669414e-1;9.25746024e-1;9.16702569e-1;9.13523793e-1;9.15403605e-1;9.13377047e-1;9.11190033e-1;9.09736931e-1;9.08672631e-1;9.06599462e-1
95;"-";"52B";"-";"F052F H";Scan;"-";"-";"-";Nix Spectro 2;"-";Thu Dec 04 2025 12:03:22 GMT+0000 (Coordinated Universal Time);D65;10;M2;9.61560859e+1;-1.92768141e+1;6.17672775e+1;9.61560859e+1;6.47054258e+1;1.07332506e+2;7.58466957e-1;9.03846263e-1;3.05735528e-1;245;252;119;#f5fc77;T;0.04;-0.00;0.46;0.03;1.96608633e-1;2.39270911e-1;2.45920122e-1;2.32756615e-1;2.18206033e-1;2.13835344e-1;2.29379505e-1;2.72074193e-1;3.87552083e-1;6.12262487e-1;8.83867979e-1;1.04279101e+0;1.07866991e+0;1.05711162e+0;1.01573718e+0;9.77900863e-1;9.50824618e-1;9.35362756e-1;9.25023019e-1;9.17122722e-1;9.11102533e-1;9.05603290e-1;9.01861191e-1;8.94436419e-1;8.92397344e-1;8.94765258e-1;8.93983960e-1;8.93147826e-1;8.92139852e-1;8.91493380e-1;8.89702022e-1
96;"-";"52B";"-";"F052E H";Scan;"-";"-";"-";Nix Spectro 2;"-";Thu Dec 04 2025 12:04:06 GMT+0000 (Coordinated Universal Time);D65;10;M2;9.60235745e+1;-1.99878804e+1;6.66113197e+1;9.60235745e+1;6.95455482e+1;1.06702783e+2;7.52198466e-1;9.00646388e-1;2.71728390e-1;246;252;108;#f6fc6c;T;0.04;-0.01;0.49;0.03;1.81595698e-1;2.14298874e-1;2.14721993e-1;1.99706942e-1;1.85603648e-1;1.80837527e-1;1.94744095e-1;2.35919341e-1;3.53273451e-1;5.88842750e-1;8.76874149e-1;1.04499185e+0;1.08276904e+0;1.06045425e+0;1.01694691e+0;9.78299141e-1;9.50613260e-1;9.34730828e-1;9.24443841e-1;9.16390300e-1;9.10115063e-1;9.04390752e-1;9.00449157e-1;8.93118382e-1;8.91135156e-1;8.94439220e-1;8.94424319e-1;8.93714190e-1;8.92194390e-1;8.91194403e-1;8.89316380e-1
97;"-";"52B";"-";"F052C H";Scan;"-";"-";"-";Nix Spectro 2;"-";Thu Dec 04 2025 12:04:31 GMT+0000 (Coordinated Universal Time);D65;10;M2;9.59599141e+1;-1.97082781e+1;6.63072574e+1;9.59599141e+1;6.91741904e+1;1.06553348e+2;7.52223836e-1;8.99111809e-1;2.72982106e-1;246;251;108;#f6fb6c;T;0.04;-0.00;0.49;0.03;1.79730326e-1;2.11670712e-1;2.13334993e-1;2.00602934e-1;1.87602907e-1;1.83174208e-1;1.97575167e-1;2.38847211e-1;3.53854775e-1;5.84848285e-1;8.70163620e-1;1.03889370e+0;1.07805192e+0;1.05687928e+0;1.01504493e+0;9.77406383e-1;9.50358093e-1;9.34333861e-1;9.23745573e-1;9.16273236e-1;9.10476565e-1;9.04759109e-1;9.00848210e-1;8.93436432e-1;8.91454041e-1;8.94651771e-1;8.94551635e-1;8.93897712e-1;8.92792106e-1;8.91967177e-1;8.90098333e-1
98;"-";"52B";"-";"F052D H";Scan;"-";"-";"-";Nix Spectro 2;"-";Thu Dec 04 2025 12:05:04 GMT+0000 (Coordinated Universal Time);D65;10;M2;9.64476632e+1;-1.96986168e+1;6.44965858e+1;9.64476632e+1;6.74377126e+1;1.06983776e+2;7.62567680e-1;9.10913914e-1;2.90478657e-1;247;253;114;#f7fd72;T;0.04;-0.01;0.47;0.02;1.92252114e-1;2.24740833e-1;2.26662189e-1;2.14954033e-1;2.03135222e-1;1.99024558e-1;2.14263394e-1;2.57222205e-1;3.74354929e-1;6.05890095e-1;8.88307035e-1;1.05316198e+0;1.08993793e+0;1.06777894e+0;1.02562129e+0;9.87651944e-1;9.60555136e-1;9.45144415e-1;9.34880674e-1;9.26640093e-1;9.20290530e-1;9.14062202e-1;9.09211159e-1;9.01339233e-1;8.98941040e-1;9.01968777e-1;9.00988460e-1;8.99800241e-1;8.98773015e-1;8.98488522e-1;8.97902191e-1
